state_name,parameter,unit,1900,1901,1902,1903,1904,1905,1906,1907,1908,1909,1910,1911,1912,1913,1914,1915,1916,1917,1918,1919,1920,1921,1922,1923,1924,1925,1926,1927,1928,1929,1930,1931,1932,1933,1934,1935,1936,1937,1938,1939,1940,1941,1942,1943,1944,1945,1946,1947,1948,1949,1950,1951,1952,1953,1954,1955,1956,1957,1958,1959,1960,1961,1962,1963,1964,1965,1966,1967,1968,1969,1970,1971,1972,1973,1974,1975,1976,1977,1978,1979,1980,1981,1982,1983,1984,1985,1986,1987,1988,1989,1990,1991,1992,1993,1994,1995,1996,1997,1998,1999,2000,2001,2002,2003,2004,2005,2006,2007,2008,2009,2010,2011,2012,2013,2014,2015,2016,2017,2018,2019,2020,2021,2022,2023,2024
Andhra Pradesh,Groundwater,m (bgl),51.37,49.36,22.62,20.44,25.93,44.7,20.29,38.6,45.95,45.2,18.27,30.69,42.99,16.47,13.02,46.39,6.06,55.82,14.6,14.81,58.39,9.72,17.05,5.75,59.47,25.57,36.06,11.03,51.06,55.63,15.89,34.56,13.14,56.06,46.42,44.94,12.42,24.73,46.98,36.61,16.3,8.66,52.38,16.15,34.44,12.85,6.15,39.55,32.26,21.64,56.54,34.6,28.85,10.44,44.22,36.41,38.68,51.01,14.58,30.36,46.61,57.27,34.56,16.94,41.89,59.67,42.16,23.44,23.71,59.34,8.72,56.77,10.81,11.11,54.24,8.86,35.04,22.39,30.24,21.65,8.94,35.78,25.68,44.82,9.43,16.13,25.87,58.73,28.13,14.48,9.95,29.9,33.13,42.31,49.61,22.6,35.81,10.66,31.99,55.48,31.17,57.18,43.56,49.07,22.88,31.55,45.5,46.02,44.83,39.9,21.95,26.09,60.95,30.23,8.87,52.68,8.55,56.87,44.85,37.35,12.29,21.16,49.23,8.23,29.9
Andhra Pradesh,Recharge,bcm,0.71,0.9,1.27,0.36,1.05,2.19,1.82,0.56,1.3,1.37,0.95,1.66,1.19,0.86,1.63,1.39,1.21,0.65,1.07,1.21,1.94,1.53,1.29,0.59,2.28,0.76,1.41,0.51,2.35,1.72,0.94,1.24,1.41,0.68,1.91,1.28,0.65,2.17,1.85,1.2,2.27,1.35,2.38,1.3,0.83,2.87,1.02,0.73,1.27,0.8,2.36,2.24,1.34,1.02,1.22,0.6,1.13,0.8,1.48,0.69,2.29,1.28,0.63,1.89,1.09,1.24,1.09,1.33,0.73,2.16,1.16,2.29,0.57,1.26,1.53,2,1.02,1.27,0.9,1.38,1.12,1.66,1.71,1.25,1.02,1.35,1.11,1.35,2.04,1.43,1.75,1.35,1.22,0.84,1.09,1.37,2.4,0.91,1.2,1.13,1.28,1.05,1.03,0.81,1.33,2.82,0.69,2,1.81,2.63,0.51,2.07,1.26,1.43,1.05,0.61,0.77,0.68,0.85,1.24,0.57,2.14,0.59,0.58,1.18
Andhra Pradesh,Rainfall,mm,632,921,831,699,1396,1306,928,635,1144,1203,734,1384,1406,810,818,854,1191,1235,698,943,1216,1214,1180,767,1185,1206,924,695,1438,1309,1153,626,888,1238,1462,730,1043,1144,1162,910,1345,774,1195,1471,1489,1445,752,957,1155,893,1363,1192,1129,1347,658,855,1353,611,1466,746,1335,863,1037,1044,945,1450,817,1137,612,1392,907,1290,802,1043,1213,1468,875,1138,1144,859,1004,1093,1166,1250,1167,955,1456,1140,1288,882,1272,1229,847,1149,641,1058,1436,823,745,1165,1005,1420,993,907,1392,1470,927,1086,1327,1441,617,1146,743,1445,745,861,1374,838,1477,920,646,1373,977,1117,826
Andhra Pradesh,Exploitation,%,60.27,26.75,43.81,46.88,43.87,69.28,37.3,33.81,19.13,19.61,53.36,72.85,20.08,18.95,25.35,69.86,33.83,21.75,67.17,31.06,52.92,69.41,60.37,18.88,32.36,21.21,38.21,76.79,38.22,46.18,36.27,45.98,76.8,29.05,60.5,37.57,29.19,36.53,75.91,44.92,50.95,73.82,69.96,49.91,51.49,47.08,23.01,44.37,50.15,50.87,57.34,29.84,40.31,75.56,64.28,26.83,43.96,74.88,50.57,48.57,39.77,37.74,23.73,65.07,32.24,23.37,23.46,35.59,47.76,22.78,60.67,58.79,41.53,79.33,27.26,43.74,54.61,75.34,65.76,53.01,31.44,27.41,21.95,23.97,71.62,61.89,77.42,42.95,53.58,62.52,73.92,69.19,39.73,80.4,79.3,22.73,62.08,24.41,48.45,53.56,30.13,62.36,69.11,48.33,34.16,43.82,42.28,31.42,33.71,71.38,55.38,41.79,62.91,61.48,68.29,67.47,48.53,68.23,50.35,53.99,37.54,30.83,32.27,50.81,42.9
Arunachal Pradesh,Groundwater,m (bgl),35.47,21.74,31.64,43.12,15.44,37.93,47.8,42.35,10.95,20.4,44.58,11.9,38.1,51.54,45.08,27.01,29.08,24.2,55.22,29.2,50.11,28.97,5.41,33.3,8.93,49.36,39.51,57.28,53.33,39.48,22.27,34.1,40.91,40.86,43.52,37.28,51.93,53.24,19.57,7.06,12.1,31.15,35.53,13.31,9.83,6.33,15.04,6.48,45.54,19.99,21.57,9.1,32.41,20.89,12.56,42.13,36.74,24.04,17.2,21.87,31.4,41.63,43.02,51.25,9.65,49.41,23.69,26.71,15.32,45.47,55.78,41.8,37.07,39.37,55.6,32.4,24.4,56.58,54.9,17.15,19.49,51.98,49.1,58.75,46.18,28.46,14.37,13.9,55,33.05,40.13,51.76,21.15,30.29,47.41,51.43,43.49,8.63,58.36,29.96,20.36,46.14,25.05,51.16,26.73,52.92,20.36,35.62,55.43,49.94,8.6,58.08,42.78,46.52,35.89,11.15,48.34,42.19,57.45,35.86,47.79,55.44,21.2,32.31,27.12
Arunachal Pradesh,Recharge,bcm,1.43,1.43,1.18,0.63,2.15,0.87,1.77,1.14,0.88,2.31,1.66,2.75,0.48,1.69,1.3,1.29,1.85,1.47,0.81,1.63,0.81,1.58,1.09,1.71,2.01,1.31,2.58,0.69,1.14,0.68,1.24,1.17,1.24,0.62,0.9,1.6,1.66,1.95,2.03,0.39,2.15,2,1.93,0.9,0.88,0.81,2.47,2.25,1.69,1.18,2.46,0.98,1.77,1.16,1.22,1.86,1.53,0.78,1.31,1.73,0.95,1.82,0.95,1.48,0.56,0.33,2.25,1.27,0.41,1.78,2.79,1.84,1.8,0.98,1.58,0.6,0.38,0.78,1.04,0.78,0.77,0.91,0.86,1.14,2.4,1.47,0.97,1.04,0.98,1.26,0.86,1.1,0.87,0.98,1.01,1.03,0.85,2.03,1.43,1.45,1.26,1.26,0.75,2.59,1.22,0.54,1.31,0.71,1.69,2.51,2.38,0.6,2,0.61,1.15,0.99,1.4,0.97,0.38,1.17,1.08,2.38,1.06,2.03,2.02
Arunachal Pradesh,Rainfall,mm,1211,816,1350,722,1450,675,1130,736,608,1453,1225,1437,751,912,1178,1213,1076,1309,1309,1297,1169,1007,883,1249,1211,1134,1431,1361,910,1144,789,867,1222,1096,860,1442,1012,1079,1456,681,1441,1112,1153,651,1099,1354,1291,1464,999,852,1285,773,997,735,639,1429,813,1353,1101,1182,620,1234,1263,1196,626,622,1170,772,662,1086,1407,1088,1007,617,1259,912,762,1014,685,959,952,655,987,973,1261,1054,628,832,878,653,849,811,1153,661,1481,846,612,1125,1410,1068,1061,1332,1041,1425,1263,880,1066,743,1270,1477,1247,1069,1406,964,680,988,780,824,714,694,763,1319,862,1132,1027
Arunachal Pradesh,Exploitation,%,19.2,24.76,56.94,65.34,51.62,34.04,74.57,45.04,18.76,66.34,56.45,47.26,47.39,61.2,44.97,50.02,54.47,77.92,44.37,33.36,28.43,35.08,61.73,53.06,22.72,19.79,25.27,34.8,34.68,43.62,28.05,37.09,39.72,65.79,59.36,68.87,39.21,75.71,36.89,58.44,76.7,22.5,27.09,56.75,23.52,43.31,51.42,49.13,52,78.59,33.81,46.16,71.16,54.09,46.27,72.29,33.12,37.97,23.36,42.25,68.59,51.27,63.91,78.89,60.59,78.72,78.99,42.13,56.31,65.91,66.41,78.32,74.28,42.06,44.12,38.61,58.97,45.82,25.48,36.7,71.17,65.77,28.4,31.27,44.67,30.4,30.38,30.35,26.85,47.28,78.76,48.01,62.31,58.82,24.03,45.1,75.57,42.33,53.62,26.24,40.83,75.93,61.22,23.57,38.3,56.08,44.87,77.74,65.9,38.31,81.99,72.38,72.43,82.51,56.13,31.7,49.36,74.73,32.94,40.2,30.09,29.09,48.81,32.79,66.66
Assam,Groundwater,m (bgl),25.47,18.96,47.03,18,14.14,45.79,46.82,16.26,21,31.07,35.17,43.79,13.4,35.29,52.78,51.19,22.18,26.68,20.36,13.21,35.57,54.45,50.72,22.87,26.27,22.87,47.08,31.63,35.03,52.85,7.95,17.87,28.11,29.65,33.14,52.18,22.2,58.65,32.11,19.74,37.8,55.88,7.14,25.76,19.39,30.93,48.99,48.53,5.99,49.52,39.44,40.05,24.56,6.01,55.66,37.56,22.14,32.72,26.96,51.43,57.73,53.43,43.42,28.38,12.53,55.78,17.59,30.68,18.87,12.39,50.37,40.96,49.43,50.85,40.15,45.99,21.23,16.38,20.16,10.17,52.64,58.65,8.99,33.08,36.68,25.56,28.7,44.08,50.6,23,27.55,20.05,9.57,51.63,19.35,30.45,37.18,29.07,35.25,46.12,8.74,40.59,18.71,36.24,34.93,8.35,56.59,36.61,30.18,16,7.49,17.07,42.07,45.04,16.2,43.71,52.18,45.44,14.07,52.83,17.27,10.65,12.2,44.36,18.92
Assam,Recharge,bcm,3.88,2.54,3.37,2.57,1.98,4.21,2.25,1.5,2.8,1.34,2.47,3.15,1.62,1.49,2.48,3.76,4.75,1.65,3.8,2.48,1.9,3.49,4.55,2.21,3.16,3.63,1.66,1.17,3.88,4.14,3.66,1.78,1.78,4.43,2.47,2.52,3.26,3.17,1.03,3.7,1.17,2.6,1.86,1.42,3.99,1.05,3.33,3.33,2.16,3.47,4.56,3.73,3.48,2.85,1.38,1.33,5.64,2.2,2.61,2.62,4.53,3.17,3,1.5,2.7,0.95,1.73,1.59,3.45,3.14,3.51,2.22,2.82,2.92,3.32,2.47,2.06,1.4,3.06,3.17,2.11,2.49,2.24,1.56,4.46,3.24,2.47,3.7,2.75,4.77,4.9,1.86,4.09,2.06,2.54,2.75,2.02,3.88,3.65,1.88,5.32,5.52,3.16,4.32,2.01,3.11,1.47,3.13,1.75,2.39,3.3,3.59,1.74,1.53,3.15,1.75,3.96,1.75,4.31,3.01,3.58,3.19,3.94,2.05,2.45
Assam,Rainfall,mm,2043,2863,2500,2069,1997,2861,2114,1897,1563,2446,1766,2361,2808,2045,1514,2537,2737,2942,2085,2123,1677,2528,2514,2028,1710,2087,2811,2124,2939,2939,2230,1667,2565,2778,2636,1758,2035,2137,2054,1996,2205,2173,2843,1783,2676,1874,2251,2770,1668,2149,2926,2972,2975,2661,2003,1874,2901,2958,1710,2159,2327,2552,2645,1926,1901,1704,2826,2029,2734,1965,2247,2245,1683,2424,2271,1881,2712,2083,1965,2935,1815,1607,2086,1584,2514,1627,2458,2547,1613,2454,2793,2053,2469,2901,2091,2379,2430,2610,2751,1645,2909,2793,1619,2409,2160,2231,1923,2209,1620,2020,2228,2292,2093,2250,1768,1716,2872,1600,2315,2054,2180,2237,2144,1672,2594
Assam,Exploitation,%,28.01,51.43,74.04,43.02,77.06,47.13,22.19,21.78,47.9,32.4,52.32,37.52,55.08,24.6,57.99,54.58,43.62,46.05,42.84,33.03,62.01,50.35,26.96,78.25,36.86,51.33,71,19.33,27.68,47.8,55.98,19.92,73.22,58.83,41.59,38.36,48.85,51.21,25.62,45.73,47.43,57.04,63.07,21.13,78.8,23.89,22.27,51.55,79.88,53.33,68.39,57.75,72.56,77.62,38.89,74.46,72.4,55.4,70.58,58.91,64.39,47.39,28.41,25.73,67.48,33.18,54.09,47.81,27.3,22.02,29.28,46.74,50.29,52.92,40.56,47.59,41.76,55.91,53.89,81.06,59.29,78.44,52.5,58.1,79.89,33.15,55.59,25.22,81.56,24.79,65.92,63.63,57.26,36.88,74.67,78.09,77.24,49.47,31.06,79.92,59.59,32.4,40.49,36.51,60.81,56.32,65.29,30.8,77.72,56.91,42.74,37.12,71.87,82.35,71.17,40.78,58.37,27.68,40.81,79.98,28.9,58.34,45.66,39.25,53.45
Bihar,Groundwater,m (bgl),15.23,5.4,17.05,37.8,19.08,47.63,42.48,45.51,8.08,34.8,8.58,54.95,17.37,12.08,22.51,59.16,15.93,6.36,54.29,27.18,20.61,30.21,55.81,22.74,57.3,29.58,55.31,36.45,8.96,8.25,33.24,58.4,52.04,20.43,20.05,36.34,19.75,40.74,50.16,32.46,49.99,51.29,15.63,30.27,23.27,39.09,47.45,23.76,35.73,9.2,30.33,34.85,36.15,50.5,49.22,53.39,40.27,23.07,27.34,5.36,29.54,39.38,15.78,25.01,47.69,12.06,11.25,48.6,51.16,21.27,23.62,58.06,31.81,35.97,35.77,38.83,43.05,59.06,29.56,46.27,56.11,19.95,41.06,54.96,39.2,32.86,10.47,44.92,57.65,29.61,39.55,23.12,7.54,42.9,42.45,9.86,57.42,28.06,44.08,20.3,31.8,54.18,39.19,27.54,51.13,29.9,20.17,22.85,18.31,47.64,52.12,46.73,20.28,16.71,36.97,59.96,48.41,17.54,54.97,33.13,28.44,45.7,58.74,38.97,37.43
Bihar,Recharge,bcm,0.83,0.71,1.77,0.81,1.86,0.96,1.82,2.21,0.99,1.05,1.28,0.63,1.26,0.52,1.13,2.44,1.26,0.54,0.93,1.31,0.92,1.88,1.76,0.73,2.1,1.09,1.06,0.87,2.24,1.82,0.36,1.38,0.64,1.54,1.12,1.81,1.44,1.21,0.63,0.55,0.88,1.84,0.5,0.63,1.59,0.64,1.04,0.79,1.11,1.28,2.66,0.4,0.87,0.74,1.62,1.89,2.12,1.6,1.07,0.65,2.42,0.69,1.49,0.58,1.06,2.05,0.94,0.68,1.1,1.48,1.29,1.48,2.67,2.48,0.44,1.3,0.63,2.09,0.37,0.72,1.46,1.25,1.66,0.86,1.11,1.37,1.97,0.68,1.61,2.13,1.46,0.97,1.44,1.58,0.74,0.75,1.25,0.99,1.49,0.93,1.3,1.15,1.43,1.93,0.87,1.79,1.77,1.95,1.29,2.2,2.3,0.97,0.51,0.92,1.22,0.73,1.55,0.39,1.92,2.09,1.52,1.17,1.9,1.35,1.12
Bihar,Rainfall,mm,731,1195,1030,1167,1180,1210,1309,1265,649,750,1492,873,710,925,1099,1444,1412,799,1196,1154,1225,1200,1008,1038,1204,769,1221,813,1382,1159,676,701,774,1037,885,1290,902,1267,788,904,843,1254,853,896,891,708,672,948,967,986,1346,768,727,981,1292,1289,1159,1321,1054,744,1412,895,1050,888,825,1268,649,941,779,933,716,848,1469,1366,824,1480,771,1486,692,1263,1143,959,1382,720,1145,1047,1071,1059,809,1158,975,603,1297,805,685,1398,979,652,934,634,814,913,1395,1029,1188,1403,1237,1022,1393,1162,1153,904,725,1275,952,944,1083,697,1401,1411,1409,708,1237,812,777
Bihar,Exploitation,%,70.83,17.84,40.49,38.61,32.6,28.2,24.32,36,51.85,60.02,55.66,55.26,31.95,23.63,37.45,24.69,50.07,42.71,73.75,24.62,65.21,60.98,24.79,68.34,60.62,31.31,24.53,51.7,34.57,39.34,33.07,20.12,78.49,61.5,25.21,25.47,31.89,71.05,38.73,66.54,55.62,53.17,23.97,73.11,35.18,63.8,51.9,46.23,74.86,27.79,58.82,46.87,66.72,39.82,77.34,31.52,45.06,47.08,64.05,45.09,67.8,51.97,27.92,41.4,21.37,74.03,50.25,68.73,63.53,59.37,31.28,80.74,58.71,40.51,24.22,55.42,51.9,32.02,22.86,49.57,38.52,57.64,26.31,68.67,46.42,43.38,55.83,25.29,32.09,40.51,47.87,28.28,49.44,39.05,59.15,74.01,57.05,64,46.14,75.74,39.3,44.13,77.45,56.1,72.79,75.61,22.96,68.62,63.27,76.78,49.25,77.05,48.12,31.03,70.23,44.46,33.58,51.63,52.49,69.61,61.29,29.61,74.88,53.37,53.98
Chhattisgarh,Groundwater,m (bgl),39.03,4.91,58.04,40.14,45.63,51.85,20.31,41.88,27.58,39.61,34.52,37.83,14.34,39.28,21.93,8.01,57.49,37.87,22.91,8.9,18.12,35.31,49.93,11.56,43.83,9.14,45.95,57.91,13.01,40.49,41.78,7.46,45.35,13.94,54.58,53.75,11.17,6.38,47.41,16.47,25.92,32.25,8.93,58,8.96,53.54,32.59,40.84,20.2,10.92,6.63,52.7,56.11,46.65,41.67,47.77,22.45,33.96,34.47,22.87,56.82,29.22,19.9,49.88,14.57,11.12,26.85,37.59,55.84,53.01,6.55,25.73,27.75,16.11,38.55,22.55,52.99,42.42,44.61,25.09,30.49,57.96,37.78,29.05,17,34.38,30.93,10.82,35.57,51.49,40.11,18.87,46.1,43.66,16.29,47.07,17.91,55.07,34.35,15.62,60,43.49,24.56,16.71,23.77,13.44,53.13,24.75,59.04,24.73,28.16,56.81,52.29,35.34,35.87,12.21,40.88,31.87,12.85,55.06,56.43,28.17,13.33,35.77,60.84
Chhattisgarh,Recharge,bcm,1.8,0.82,0.96,0.79,2.61,0.93,2.27,1.05,0.7,2.37,2.08,1.17,1.97,1.86,1.81,2.07,1.94,1.86,1.28,1.63,0.81,0.58,0.8,1.65,0.7,1.18,1.08,1.68,1.5,1.55,2.68,1.71,0.54,1.9,0.89,1.75,2.56,1.82,1.45,0.7,1.91,0.33,1.96,1.91,0.85,0.75,1.33,0.91,0.39,1.43,1.04,1.21,1.87,1.27,0.47,2.23,0.48,0.73,1.02,0.87,2.07,0.78,0.51,0.92,1.38,2.88,1.45,0.69,0.95,1.89,1.54,0.96,0.87,1.72,2.17,0.56,1.95,0.84,1.3,0.91,0.77,1.05,0.68,1.95,1.91,2.25,0.89,1.76,1.06,1.23,0.47,0.81,1.36,1.23,1.86,1.85,1.09,0.99,0.63,0.48,0.56,1.06,0.74,0.75,1.07,1.58,0.94,2.28,1.94,1.2,1.31,0.78,0.8,0.42,0.97,1.21,2.06,1.45,1.5,1.92,1.9,1.4,0.9,1.3,1.86
Chhattisgarh,Rainfall,mm,1175,689,1104,1478,1393,1075,1330,668,752,1422,1049,1159,1133,1365,1088,1368,1076,937,825,1344,732,788,967,1101,791,635,630,1251,1338,1135,1455,999,698,1370,1301,1030,1295,1020,1422,945,1254,612,1255,999,1246,1194,1090,704,695,1131,637,613,1260,953,652,1179,945,1076,728,1389,1350,818,706,634,792,1446,1378,697,811,1143,1023,1277,1490,1375,1365,932,1016,1089,1235,633,762,1248,916,1015,1206,1254,681,1323,1459,1152,712,603,790,1138,1192,1113,1078,662,655,847,855,1107,1386,1423,1173,1247,740,1377,1181,639,1133,792,1419,804,723,620,1311,1054,1332,1233,1295,906,861,1006,997
Chhattisgarh,Exploitation,%,44.61,27.11,27.54,66.99,35.67,29.94,60.45,65.22,57.82,46.31,45,66.84,60.48,66.83,76.68,72.71,28.76,62.57,22.34,48.22,66.81,67.8,73.78,41.46,58.59,47.22,30.8,55.47,39.89,24.02,25.15,61.16,62.5,46.09,34.92,32.62,61.03,72.68,65.04,73.06,26.7,53.83,56.88,27.07,30.13,26.19,41.07,70.98,75.32,60.93,58.03,42.95,28.7,77.23,53.63,55.09,66.62,50.04,45.49,64.72,62.39,53.42,69.49,73.13,26.33,50.43,42.66,45.7,39.13,44.71,31.14,55.52,79.43,67.56,35.94,61.83,26.47,26.9,51.46,56.39,28.17,67.37,66.88,21.93,39.13,59.03,73.37,60.7,44.08,58.97,30.56,52.44,41.76,64.24,79.46,63.74,62.24,37.72,30.55,27.46,74.18,70.23,39.07,71.15,59.38,34.02,57.92,23.71,75.72,39.7,58.73,41.04,38.67,53.14,81.73,46.99,65.82,47.41,52.38,47.1,63.53,54.29,81.87,74.18,24.48
Goa,Groundwater,m (bgl),13.64,14.87,38.35,53.43,55.65,36.48,18.84,58.59,22.16,55.45,7.94,15.4,17.14,35.68,32.75,19.85,16.63,42.66,39.75,35.51,54.94,16.93,23.95,38.93,11.01,28.16,36.48,51.9,10.19,29.02,42.25,24.51,57.12,16.89,19.42,15.64,37.8,12.61,23.45,12.48,7.82,42.69,53.52,21.01,46.76,22.93,25.51,10.4,51.39,36.96,48.55,38.45,15.23,41.32,24.25,59.93,46.16,57.75,14.38,16.69,13.51,54.14,51.21,29.6,47.78,10.72,26.54,23.01,40.41,45.95,6.38,57.96,51.56,22.51,17.3,39.08,45.61,59.89,38.97,51.14,10.57,26.37,17.39,8.07,41.63,37.21,16.64,33.69,21.3,35.48,16.49,27.31,56.08,57.96,50.54,57.16,36.64,9.36,39.59,15.53,42.67,55.9,57.29,49.2,53.04,47.7,19.69,55.22,24.19,33.84,59.29,46.4,54.35,48.91,10.96,34.32,44.21,11.38,8.15,36.81,50.13,14.59,27.92,25.89,42.74
Goa,Recharge,bcm,1.02,0.41,0.78,2.58,1.77,1.98,2.55,2,0.77,0.91,1.67,1.74,0.83,1.45,1.6,1.84,0.73,0.72,1.24,2.21,1.22,0.88,0.7,1.81,0.9,1.19,1.57,1.7,0.66,0.56,2.03,0.77,0.92,2.05,0.36,1.13,0.49,1.48,1.82,1.84,2.36,1.4,2.42,1.91,1.32,0.36,0.66,1.45,1.85,2.43,1.08,0.57,1.15,0.8,1.1,0.39,1.9,0.98,1.14,1.65,0.97,1.76,2.12,0.78,0.45,1.03,1.26,0.92,0.69,1.62,0.63,1.04,1.31,2,1.67,0.57,1.42,0.95,2.58,2.24,0.73,1.27,0.86,1.73,0.77,1.35,1.93,1.54,2,0.95,2.04,0.92,1.38,1.54,0.65,0.72,1.4,0.76,0.44,0.77,0.68,0.77,1.5,1.69,0.8,1.74,1.76,1.19,1.06,1.59,2.23,1.58,0.96,0.96,0.67,1.14,1.58,0.76,0.84,2.84,1.03,0.84,1.12,1.17,0.72
Goa,Rainfall,mm,678,783,1302,1298,1180,1227,1294,1467,844,687,1031,1073,1319,942,924,1401,817,653,1009,1236,918,1440,937,1289,820,814,1103,1420,1046,656,1332,649,1247,1266,666,691,809,781,1012,1015,1337,774,1403,1018,759,694,1025,942,1057,1254,1028,895,700,918,615,780,1209,894,852,1057,614,1050,1202,883,727,1243,807,1342,742,1214,742,1393,1262,1037,1405,1056,987,1157,1335,1422,654,961,976,973,672,932,1102,1262,1018,790,1074,696,1068,844,1149,1155,751,1423,802,895,920,812,884,1006,697,1386,1090,642,1030,1094,1331,1443,630,837,1128,1253,1185,1001,974,1498,1040,896,684,1284,777
Goa,Exploitation,%,18.18,24.25,50.56,67.12,24.8,51.47,25.3,60.09,53.62,73.21,71.09,62.66,62.34,71.53,65.09,56.58,37.08,26.17,18.98,62.1,43.8,64.08,22.88,36.2,68.99,76.66,43.63,39.65,42.14,71.8,33.48,22.37,21.5,19.44,69.98,56.02,26.63,27.31,48.76,61.11,20.08,75.34,20.1,34.74,51.68,27.53,59.65,37.32,78.83,50.67,77.45,57.58,45.68,44.71,53.6,36.5,76.71,53.32,46.33,48.1,50.43,60.93,34,70.92,27.83,35.15,38.54,61.8,67.42,70.23,23.51,42.58,39.35,53.06,35.06,41.18,39.05,66.43,80.93,72.33,39.67,36.36,43.47,38.19,51.17,37.58,78.13,52.02,48.02,68.15,33.55,45.24,51.15,67.84,34.67,48.99,63.46,76.11,66.11,39.7,75.55,82.37,40.17,63.99,74.48,61.23,58.96,71.56,64.72,66.83,42.33,42.11,40.32,77.75,30.75,30.79,31.8,41.88,46.96,25.52,41.89,81.2,33.67,39.4,43.18
Gujarat,Groundwater,m (bgl),22.94,32.67,35.67,23.44,17.7,43.6,18.76,15.92,42.42,21.06,14.08,35.4,8.83,25.05,50.96,36.95,57.01,15.97,52.9,13.59,24.92,11.6,17.11,31.13,14.83,33.54,20.11,38.39,41.98,41.86,51.66,41.48,44.4,55.04,48.94,18.43,32.62,52.42,51.73,45.17,57.13,12.09,12.49,21.29,58.09,54.93,23,18.25,31.58,43.65,44.48,57.7,24.71,56.18,22.11,42.44,18.84,32.96,38.75,25.38,47.4,9.4,52.41,48.39,17.17,46.2,24.38,54.17,5.69,42.05,26.85,29.24,15.23,28.6,50.06,5.6,55.12,17.55,50.95,18.4,31.82,18.86,23.36,46.8,36.78,32.95,43.25,8.57,28.73,37.76,57.16,36.61,14.03,13.27,47.58,51.73,33.52,15.97,18.04,50.06,42.9,27.06,52.81,22.3,21.05,17.53,22.67,28.8,26.58,37.68,27.54,42.17,32.77,19.48,52.03,58.26,36.97,12.64,47.78,47.32,32.6,14.18,15.1,19.02,21.69
Gujarat,Recharge,bcm,0.26,0.34,1.14,0.35,0.25,0.92,0.51,0.51,0.43,1.39,0.37,0.48,1.22,1.05,0.49,1.24,1.26,0.45,0.51,0.8,0.34,0.16,0.79,0.71,0.97,0.46,0.79,0.55,0.76,0.86,0.9,0.42,0.53,0.64,0.54,1.32,0.36,0.9,0.39,0.61,0.72,0.21,0.54,1.08,0.65,1.33,0.56,0.17,0.51,0.24,0.81,0.98,0.62,0.75,0.27,0.84,0.59,0.36,0.64,1.06,0.6,0.43,0.63,0.46,0.16,0.48,0.39,0.37,0.88,0.64,1.19,0.55,0.52,0.29,0.88,0.25,0.42,1.35,0.76,1.29,0.32,0.46,0.46,0.56,0.8,0.39,1.21,1.03,0.55,0.91,0.23,0.35,0.75,0.84,0.34,0.3,0.76,0.89,1.29,0.82,0.47,0.29,0.44,0.29,0.21,1.01,1.37,1.4,0.67,0.4,0.62,1.54,0.47,0.58,1.44,1.11,0.88,0.89,0.3,0.25,0.42,1.18,1.21,0.34,0.48
Gujarat,Rainfall,mm,525,528,647,341,242,512,703,512,712,716,559,315,663,729,742,760,727,340,333,752,424,221,640,603,578,548,447,288,687,638,481,241,485,601,366,766,228,724,269,550,488,340,394,594,793,796,772,244,738,293,768,787,309,626,478,728,365,201,496,567,745,449,776,790,281,328,255,621,538,725,771,289,648,353,513,435,225,716,793,709,257,482,251,729,792,216,756,523,536,524,349,420,469,453,299,235,498,602,646,616,629,427,299,312,376,525,741,722,429,328,474,770,473,596,751,645,619,724,474,329,343,777,618,523,258
Gujarat,Exploitation,%,66.49,27.92,22.2,35.41,74.42,53.09,40.63,42.78,19.28,42.92,42.66,53.19,29.03,39.74,67.87,54.01,65.6,71.4,54.98,32.63,68.25,52.48,38.05,53.21,36.25,71.38,67.48,63.84,38.76,53.01,53.7,27.89,19.21,40.77,36.09,75.85,76.1,34.82,63.52,37.95,74.68,20.12,69.38,46.54,30.55,58.81,64.56,71.56,22.88,79.04,79.7,78.27,48.74,79.82,76.11,77.26,43.08,66.69,44.57,32.32,62.28,38.75,72.93,42,56.99,27.76,61.96,56.02,46.22,66.41,39.35,43.77,75.86,65.3,71.13,74.59,37.62,55.59,61.19,76.67,36.29,50.71,52.77,66.23,69.07,43.81,60.46,35.25,37.27,52.76,50.13,59.55,65.45,30.34,66.98,74.51,42.11,26.79,49.53,32.8,25.85,34.74,75.55,70.06,80.5,51.04,76.49,43.57,81.06,38.35,52.21,56.37,68.06,79.09,59.14,71.93,55.46,41.9,49.77,63.1,54.8,32.26,76.82,37.31,64.59
Haryana,Groundwater,m (bgl),17.93,35.46,30.52,34.61,12.54,4.75,55.61,29.16,50.16,37.98,38.5,37.16,40.87,43.89,29.64,7.49,49.44,58.54,12.41,34.03,9.05,7.42,27.69,14.16,54.39,56.63,16.92,20.73,33.58,13.42,45.89,41.61,51.15,55.63,31.25,49.33,5.38,50.45,14.5,36.28,27.87,56.44,38.43,6.5,12.77,58.8,9.8,56.38,6.63,21.63,17.72,30.09,37.97,40.23,32.33,6.03,9.89,14.29,18.78,49.51,32.67,35.72,10.44,17.68,42.79,30.51,40.81,6.28,49.02,14.95,60.16,17.71,50.72,54.5,15.54,32.87,46.58,53.35,59.3,46.35,53.11,58.28,20.41,25.88,15.57,34.03,6.34,16.21,46.64,24.5,32.84,11.63,12.91,22.51,10.79,27.45,47.67,27.97,23.03,30.57,19.49,41.49,43.09,10.24,29.36,40.51,36.63,21.11,18.06,15.09,60.62,49.06,13.47,19.43,38.22,21.95,54.91,36.13,57.11,38.77,42.76,55.77,48.97,20.76,13.98
Haryana,Recharge,bcm,0.92,1.24,0.99,0.38,0.12,0.33,0.49,0.51,1.1,0.23,0.59,0.59,0.41,0.17,0.97,0.42,0.4,0.48,0.77,0.39,0.36,0.82,0.17,1.3,0.69,0.41,0.53,0.55,0.77,0.58,0.48,0.64,0.53,0.74,0.86,0.36,0.88,1.25,0.38,0.61,0.98,0.71,0.43,0.64,0.29,0.81,1.06,0.63,0.61,1.07,0.21,0.83,1.06,0.56,0.54,0.18,0.35,0.32,0.47,1.33,1.21,0.13,0.47,0.44,0.49,0.16,1.12,0.17,0.55,0.32,0.58,0.71,1.38,0.78,0.57,0.87,0.33,0.66,0.79,0.73,0.41,0.32,0.84,0.57,1.06,0.51,0.99,0.6,1.26,0.35,0.17,0.36,0.33,0.23,0.17,0.87,0.75,0.82,0.47,0.66,0.31,0.54,1.09,0.33,0.36,0.47,0.37,0.6,0.38,0.52,1.26,0.35,0.64,0.45,0.32,0.64,1.13,0.54,0.35,0.56,1.01,0.96,0.93,0.57,0.65
Haryana,Rainfall,mm,753,759,532,340,206,394,278,350,575,271,746,754,519,205,491,556,614,402,411,223,207,629,200,705,447,288,380,717,572,555,252,559,742,421,753,396,700,664,357,355,657,722,500,702,297,431,611,685,733,692,261,742,737,784,647,290,356,276,253,668,789,216,544,452,305,203,576,255,748,406,465,787,756,770,517,768,486,462,697,625,204,626,424,765,689,560,604,620,713,343,298,353,297,279,276,512,781,464,267,344,224,422,624,249,335,566,437,715,433,320,672,221,701,265,214,479,635,433,487,581,694,764,610,470,399
Haryana,Exploitation,%,69.84,58.35,20.13,76.82,26.7,36.31,61.13,17.91,58.03,18.49,43.14,26.79,18.95,50.67,33.95,75.37,42.05,43.07,55.54,66.23,75.07,46.74,45.13,76.86,21.49,63.24,54.12,20.9,53.07,39.33,69.84,78.86,62.9,73.61,22.9,76.98,68.24,30.94,32.06,51.05,60.45,49.21,76.19,61.07,68.74,24.21,22.73,76.82,77.18,48.64,45.65,75.84,60.81,33.03,78.26,50.33,65.78,50.29,60.09,44.99,79.57,57.43,72.79,21.43,49.64,39.39,52.25,77.66,75.69,71.58,59.03,71.07,74.21,32.21,73.49,29.46,31.73,74.43,36.06,62.64,65.15,26.66,76.87,30.73,50.39,66.54,37.57,43.28,61.1,69.44,22.22,52.17,29.93,36.85,37.17,32.85,30.25,77.66,59.66,77.2,61.4,71.99,78.22,25.15,30.35,77.98,82.67,31.97,41.54,32.6,47.9,69.39,55.49,55.19,38.4,66.49,52.94,53.02,73.55,68.15,75.33,62.18,68.8,30.22,45.86
Himachal Pradesh,Groundwater,m (bgl),39.55,47.97,54.42,24.19,36.67,57.19,58.31,28.8,53.23,16.38,46.09,51.34,31.96,50.27,14.12,28.88,9.05,5.94,16.1,56.09,40.33,59.23,5,22.52,51.4,48.94,6.34,37.75,5.94,17.68,33.46,33.36,31.37,8.1,42.77,55.48,36.98,53.41,55.34,47.01,38.45,55.16,16.01,18.32,57.08,30.92,41.49,54.91,28.8,27.31,26.3,22.96,25.5,32.89,39.58,52.41,18.88,52.21,15.42,21.82,53.54,47.71,38.68,58.21,13.65,48.8,26.89,29.91,56.37,59.28,7.41,48.76,18.77,19.27,55.07,17.62,32.35,20.83,37.1,18.94,58.91,28.51,45.15,48.13,33.15,11.92,51.86,13.21,18.75,44.42,54.57,14.21,17.14,25.85,14.19,32.79,37.54,48.2,39.76,9.97,51.29,13.28,52.82,53.3,49.42,51.59,53.35,55.92,28.99,54.41,52.82,44.27,34.67,11.47,56.61,39.86,13.86,59.57,37.7,19.54,26.41,21.33,56.41,39.76,35.29
Himachal Pradesh,Recharge,bcm,1.67,1.08,1.2,0.7,1.59,2.49,1.76,1.27,0.38,0.69,1.77,2.23,1.63,1.26,0.76,1.33,1.74,0.88,0.98,1.29,1.54,0.6,0.75,2.11,1.04,1.01,1.03,1.6,0.39,1.35,1.12,1.71,2.34,1.95,2.08,2.39,1.82,0.78,0.91,0.57,1.81,0.95,1.62,0.66,0.7,0.36,1.8,2.18,2.14,1.37,1.02,0.79,1.29,1.15,1.26,2.1,1.11,2.35,1.05,0.82,1.29,1.86,1.11,1.83,0.52,1.03,1.66,0.51,2.34,1.24,1.21,2.44,0.98,0.58,0.48,1.25,0.94,2.05,0.96,1.17,0.87,0.69,0.9,0.72,1.72,1.16,0.84,2.7,2.27,0.38,2.24,0.64,1.43,0.71,0.81,0.99,2.23,1.08,0.71,1.66,2.15,1.93,0.83,1.83,1,1.51,0.51,0.48,1.57,1.88,0.64,1.82,0.48,1.12,0.41,1.02,1.74,1.06,1.52,1.4,2.04,2.04,1.82,1.32,0.77
Himachal Pradesh,Rainfall,mm,995,752,602,715,1303,1497,1065,1290,603,1168,1191,1427,958,857,1174,862,1149,1011,620,1290,781,1177,1442,1424,1195,1022,685,1310,661,1052,644,987,1182,1351,1412,1473,936,746,658,679,1089,957,1360,1002,870,629,1082,1395,1285,703,961,1411,702,791,1161,1221,1111,1197,1236,906,784,1248,1097,1495,789,883,1490,619,1359,910,1080,1387,849,946,809,916,714,1049,1297,801,690,1353,809,606,1089,1002,863,1353,1225,721,1201,666,733,979,679,1047,1277,1086,655,875,1272,1228,1104,1376,650,1301,724,605,1185,1424,1176,938,805,1351,658,735,1297,610,1080,1303,1432,1155,976,842,1166
Himachal Pradesh,Exploitation,%,36.33,72.06,43.92,28.83,73.61,66.97,34.33,26.45,25.73,58.06,31.15,24.65,59.2,28.35,22.46,58.31,22.23,57.99,39.4,78.19,60.03,65.52,69.53,32.97,22.2,52.24,56.14,32.14,65.82,24.4,38.14,43.62,67.8,20.06,42.55,30.12,78.79,56.31,40.37,78.69,58.3,60.52,65.2,32.92,62.21,47.05,47.95,19.87,50.48,76.6,36.66,33.03,37.15,57.28,69.67,50.3,28.8,77.1,36.52,28.67,64.8,28.82,44.51,78.83,39.75,28.85,35.13,36.27,57.16,41.58,61.45,37.38,36.56,76.25,26.26,54.58,31.3,67.63,74.91,37.61,77.03,51.52,62.82,21.95,80.04,64.87,26.92,50.42,53.85,30.76,35.32,48.47,52.74,43.54,79,31.07,71.8,32.37,74.24,53.76,80.44,32.67,34.71,50.94,66.53,24.24,52.98,38.43,58.32,39.93,30.92,25.95,53.78,59.23,66.6,35.29,81.31,57.16,63.98,63.57,80.51,65.37,74.18,68.76,35.36
Jharkhand,Groundwater,m (bgl),39.35,20.16,11.65,17.17,4.97,38.38,42.32,33.69,14.26,57.81,15.16,32.56,10.07,41.62,23.68,44.86,23.63,39.24,37.61,22.98,13.79,57.24,35.16,12.28,38.4,15.29,34.37,44.37,22.78,41.69,4.72,57.41,39.02,10.51,47.46,47.27,37.09,16.55,11.71,50.69,38.71,23.92,37.96,47.13,20.91,45.84,41.4,38.8,28.93,57.21,44.26,46.12,36.07,38.51,13.02,25.03,40.01,25,40.57,27.32,59.33,38.58,44.18,49.53,50.28,14.16,51.94,40.21,19.49,15.25,54.28,49.04,9.59,14.05,36.59,14.86,48.8,11.65,60,37.63,48.98,20.68,28.93,6.69,31.23,7.76,47.4,9.66,37.31,54.54,29.79,59.39,29.48,14.63,48.58,50.96,41.11,22.68,20.91,48.39,20.08,26.75,14.13,30.9,57.15,27.52,52.68,11.47,48.74,21.52,31.89,31.55,54.11,15.4,8.92,55.37,30.89,58.27,59.35,31.62,14.65,10.79,33.93,23.91,45.74
Jharkhand,Recharge,bcm,1.31,1.55,1.49,0.83,0.86,2.29,1.67,2.2,1.16,1.47,2.48,0.73,0.66,0.61,0.69,1.14,1.29,1.56,1.03,1.14,1.2,1.24,0.61,1.26,1.41,0.53,1.56,0.76,0.74,1.35,1.2,2.32,0.72,1.39,1.07,0.96,0.96,0.99,1.11,2.4,0.85,1.54,1.73,0.48,2.2,1.47,0.88,1.92,0.69,1.41,0.81,2.08,2.33,0.96,1.1,1.37,0.91,0.92,2.73,0.44,1.78,1.19,0.5,2.28,0.86,2.26,0.97,1.63,0.99,0.87,1.31,0.98,0.65,1.79,1.09,1.04,0.85,2.18,0.73,0.51,1.67,1.62,1.06,1.83,1.18,2.43,0.73,1.09,2.39,2.06,0.72,0.94,1.45,1.13,1.28,1.02,1.21,2.42,0.35,0.52,0.69,0.88,1.96,0.66,0.69,2.12,1.01,1.74,1.44,1.41,1.01,0.6,0.55,0.88,1.32,1.05,0.99,1.45,0.98,2.13,0.92,0.82,0.77,1.21,1.24
Jharkhand,Rainfall,mm,1038,1291,1345,981,781,1255,1179,1213,1291,957,1470,810,814,793,1145,706,1279,805,1169,615,707,1048,742,740,1215,952,1222,1038,720,892,907,1429,917,811,783,1114,1304,1257,1225,1231,1244,983,1491,675,1284,1442,894,1499,669,1053,1144,1061,1186,741,918,835,881,719,1487,709,1231,771,724,1310,933,1209,848,1141,664,639,1363,740,701,1483,1165,1281,854,1128,630,1006,886,1026,958,921,951,1387,854,1250,1493,1253,1048,861,1317,1465,899,1498,1256,1466,646,655,1031,1101,1375,610,948,1384,1453,1428,1014,1190,783,802,614,970,1172,1101,941,955,817,1404,1008,942,1011,880,1273
Jharkhand,Exploitation,%,36.79,25.25,61.62,24.38,70.84,45.45,40.33,29.94,18.49,69.52,65.23,26.3,40.14,25.52,53.95,28.24,22.81,65.1,77.6,47.37,37.22,50.96,38.39,28.5,65.5,37.61,52.13,31.12,65.58,76.09,72.54,50.87,29.02,30.84,70.46,44.49,52.58,31.58,76.68,58.87,55.28,29.97,26.46,20.84,39.98,26.65,45.68,21.53,32.12,69.71,29.52,73.17,22.2,50.67,53.34,59.53,46.22,35.01,55.41,20.56,25.78,49.57,79.49,30.25,39.48,64.27,21.07,46.96,57.52,73.09,36.1,41.02,55.51,45.99,78.12,79.23,46.33,40.62,61.56,23.31,42.86,54.56,72.84,26.36,62.84,43.34,25.69,71.87,53.01,37.44,73.64,51.53,73.31,55,27.27,62.7,63.33,24.34,54.81,43.44,38.87,43.94,72.93,71.44,67.28,60.94,81.23,79.29,60.78,60.41,76.8,26.94,54.59,65.08,32.93,82.12,75.57,75.29,78.18,78.08,64.09,77.8,27.94,78.64,25.43
Karnataka,Groundwater,m (bgl),57.62,21.77,45.7,42.6,38.06,53.36,52.65,26.56,17.93,13.86,8.62,54.1,36.88,11.23,40.24,39.32,24.39,7.48,24.25,13.51,17.9,24.42,38.86,33.4,20.43,43.8,55.13,50.99,14.35,58.56,19.31,17.64,48.08,23.32,56.41,7.5,10.16,36.96,45.8,16.1,32.43,48.57,59.12,58.44,17.88,16.3,44.66,26.56,8.58,36.03,32.54,35.38,21.48,53.02,7.88,40.19,18.6,48.31,15.73,13.94,39.62,52.37,8.93,8.09,58.63,34.99,24.2,22.42,32.25,57.42,42.49,35.59,16.19,30.25,41.99,31.19,57.24,23.13,30.25,16.33,15.15,46.71,52.51,25.59,35.71,24.67,46.26,54.09,23.87,24.64,52.45,46.88,38.22,30.48,8.54,16.32,42.56,27.64,46.67,37.08,10.74,57.23,11.94,14.56,41.81,50.73,55.25,61.08,30.5,39.22,33.2,28.55,26.89,7.58,28.84,46.03,7.92,11.5,8.09,59.65,54.85,49.79,12.59,21.56,51.69
Karnataka,Recharge,bcm,1.84,1.46,1.47,1.01,1.1,0.65,1.76,1.57,2.62,0.68,2.26,2.77,1.01,1.52,0.83,0.76,0.93,1.88,2.32,0.66,1.59,0.97,0.54,0.54,1.19,0.45,1.42,1.66,1.04,1.02,2.17,1,0.78,1.19,2.54,1.3,1.95,0.7,2.12,1.34,2.32,1.42,0.49,1.85,1.25,0.83,0.48,1.75,0.95,1.29,0.61,1.07,2.09,0.84,1.23,0.32,2.93,1.05,2.87,0.61,1.01,1.83,1.67,0.82,2.42,1.3,0.83,0.96,1.47,2.14,2.04,0.89,1.93,0.78,1.41,1.2,0.59,1.1,1.65,0.72,1.08,2.09,1.31,0.73,1.37,1.3,0.44,0.97,2.38,0.88,0.68,1.74,1.09,1.09,2.27,1.06,1.17,1.18,0.53,2.52,2.48,0.63,1.02,2.76,1.72,1.48,1.51,1.61,2.5,1.01,0.83,1.12,1.35,2.26,0.97,0.52,0.75,1.22,0.61,1.24,0.48,0.92,1.82,1.12,0.79
Karnataka,Rainfall,mm,1008,869,853,1022,626,868,925,1148,1489,773,1415,1393,634,1473,611,617,770,1126,1485,1079,1266,846,771,938,1393,618,1124,1079,639,996,1474,1248,1189,751,1406,894,1075,861,1147,1265,1442,1015,752,1075,1341,923,940,1161,846,896,873,1143,1359,862,993,637,1473,629,1499,1210,1039,1118,904,1423,1281,1014,920,1041,797,1155,1330,1164,1440,1069,1069,1077,1106,1488,876,859,905,1089,1137,924,1319,763,821,1153,1208,643,1170,1402,632,1218,1480,1142,798,891,622,1408,1336,1095,944,1487,1008,1296,1090,1045,1393,720,642,935,1086,1499,1363,887,1071,1471,619,1162,741,1052,1165,916,694
Karnataka,Exploitation,%,72.22,74.37,76.01,29.98,76.58,46.52,65.56,67.5,60.3,64.88,23.86,69.62,22.85,59.05,72.92,44.96,53.05,63.75,58.82,35.5,39.09,72.53,66.07,67.21,72.86,38.15,29.15,39.46,20.29,69.6,73.79,62.13,45.14,40.19,62.49,53.38,62.34,37.08,31.19,67.02,27.8,74.18,43.84,24.45,36.75,36.22,50.07,73.93,69.82,55.67,49.83,21.38,59.96,57.34,40.94,27.03,79.37,59.97,44.84,60.57,65.31,42.58,78.96,23.1,41.34,63.82,49.37,77.45,45.79,53.17,51.25,57.02,23.93,49.64,33.6,23.95,47.73,55.23,80.71,55.78,26.21,70.96,50.86,56.89,57.45,73.45,38.15,41.78,73.97,53.57,74.67,58.06,50.34,63.98,76.34,72.01,33.78,49.05,74.53,78.88,34.34,26.46,55.16,82.32,37.39,26.79,33.15,36.4,57.94,81.46,27.68,29.53,24.21,77,79.62,39.01,50.39,49.2,76.15,72.4,23.95,54.85,45.03,53.35,32.99
Kerala,Groundwater,m (bgl),26.1,20.93,31.3,39.19,23.7,43.29,9.92,49.88,9.99,52.22,17.82,35.06,24.14,43.78,18.91,54.03,27.53,29.87,56.86,27.06,6.6,21.77,41.41,24.76,9.38,19.76,8.78,19.73,38.55,30.35,58.7,44.65,43.38,58.51,26.52,31.49,21.6,53.44,33.95,11.62,44.99,23.78,13.78,59.08,5.3,20.19,30.16,37.64,16.35,22.44,40.55,12.3,38.65,28.36,33.05,22.15,31.23,9.74,42.07,9.14,35.52,18.29,5.35,21.85,43.83,29.06,56.49,24.81,24.88,34.83,7.05,27.33,21.18,34.81,47.53,9.37,35.32,56.44,14.43,15.51,46.14,57.22,16.84,51.51,35.55,46.61,14.51,16.38,52.04,39.23,49.9,59.11,32.82,13.35,26.38,60.81,25.33,53.77,56.28,50.57,6.85,8.68,47.63,43.5,17.03,23.12,53.21,26.49,35.63,50.3,48.17,19.02,42.42,45.88,23.7,37.75,58.91,36.46,20.37,8.26,11.78,28.33,32.77,30.87,34.19
Kerala,Recharge,bcm,1.58,2.16,2.08,2.38,1.73,2.51,2.88,1.48,4.08,3.23,4.87,1.23,4.43,2.98,1.13,1.87,1.53,4.7,1.6,2.34,1.81,1.54,1.98,2.29,3.91,1.58,5.13,3.47,2.33,2.72,3.54,3.24,4.08,5.03,3.76,2.72,1.51,3.12,2.02,5.67,3.63,2.23,2.53,4.11,3.22,2.29,1.69,1.05,1.34,3.73,1.78,1.87,0.92,0.94,2.52,4.37,1.24,1.53,1.04,3.05,2.88,1.42,2.88,2.8,0.98,3.28,0.81,3.61,3.91,2.54,1.69,3.28,2.07,2.37,1.49,2.24,3.91,4.34,1.28,3.77,1.18,1.17,3.39,2.56,1.2,5.25,2.41,3.95,4.44,3.89,4.03,1.87,1.25,1.75,4.23,4.23,3.62,3.48,2.45,3.28,2.96,3.64,2.9,3.79,2.98,5,2.72,4.85,2.85,4.79,2.19,3.25,2.24,2.21,2.79,3.71,4.53,1.85,1.04,3.29,3.47,1.75,3.65,3.12,2.23
Kerala,Rainfall,mm,1964,1960,2810,2102,1717,2229,2963,2573,2400,2129,2891,1559,2577,1510,1560,1573,2397,2569,2287,2471,2481,2447,2333,2095,2788,1846,2765,2332,1958,2304,1865,2325,2087,2978,2240,1681,1660,1607,2115,2880,2085,1954,1716,2147,2513,2886,2660,1986,2217,2048,1840,2486,1603,1662,2047,2611,1555,1738,1604,2048,1656,1604,1787,2737,1858,2869,1588,2403,2183,2004,2816,1925,2639,1579,2702,2667,2880,2652,2128,2736,1966,2216,2685,2905,2041,2918,1925,1986,2887,1980,2546,1634,2230,2155,2447,2830,2731,2008,2237,2614,1737,2983,2889,1945,2130,2508,2096,2862,1521,2530,2436,1852,2956,2186,1846,2838,2510,1612,1672,1918,2731,2659,2157,2829,2996
Kerala,Exploitation,%,43.6,71.01,67.18,21.97,48.5,29.35,19.89,60.87,67.09,51.5,48.16,18.83,72.65,68.58,74.43,24.89,37.49,63.23,37.6,37.7,39.27,56.97,54.48,22.79,46.79,28.37,57.35,46.33,66.44,19.87,69.82,30.21,72.89,62.62,41.88,42.65,38.05,59.56,37.35,21.6,24.33,52.84,55.14,34.44,44.71,70.97,51.28,46.19,32.95,25.02,73.62,29.95,52.18,53.4,67.62,62.13,64.04,20.74,42.72,33.3,20.59,55.17,72.67,53.88,21.55,45.28,78.12,70.97,24.54,80.27,30.66,52.28,72.79,25.62,47,63.37,42.27,28.3,53.71,64.44,79.53,57.59,53.82,72.79,66.39,81.03,42.24,68.31,59.19,65.23,66.12,45.67,78.86,53.77,63.74,77.3,42.89,44.22,63.24,80.27,23.6,76.48,73.44,53.65,71.17,41.05,81.82,67.85,26.36,73.22,69.31,62.24,46.47,36.35,77,50.68,30.13,40.52,56.37,24.02,74.5,63.33,45.74,61.44,68.41
Madhya Pradesh,Groundwater,m (bgl),19.73,41.62,40.91,54.92,8.46,9.02,39.41,43.91,56.66,35.34,41.54,42.26,33.32,22.67,17.77,11.84,34.62,28.67,40.01,55.82,10.98,24.43,50.97,51.91,37.06,38.72,15.5,28.2,19.29,51.32,19.7,16.86,6.7,6.87,43.78,9.77,18.23,7.78,26.24,30,37.74,40.25,43.75,54.69,37.66,53.12,47.51,22.31,21.57,28.05,37.58,10.24,5.85,20.79,17.02,52.71,16.01,25.81,13.41,12.22,31.3,45.82,39.3,37.24,54.32,46.23,26.02,36.54,37.88,17.01,29.39,18.94,22.66,7.81,57.58,37.01,56.41,22.23,22.95,28.96,25.81,9.41,36.13,39.96,47.82,41.71,42.48,18.17,44.35,40.96,55.41,42.66,30.4,55.96,15.59,35.45,20.19,6.45,16.35,59.67,13.09,8.43,50.42,19.2,58.95,58.92,53.12,8.27,7.3,59.42,55.25,13.35,37.02,59.86,34.45,54.75,46.24,61.05,30.04,29.88,25.93,52.52,60.15,22.32,26.22
Madhya Pradesh,Recharge,bcm,0.97,1.77,0.96,1.5,0.72,1.1,2.58,2.42,0.97,0.59,1.31,2.03,1.41,1.06,1.98,1.18,1.17,0.62,0.74,2.1,1.56,1.65,0.68,0.52,0.98,0.59,1,1.58,2.63,0.78,1.6,1.3,2.35,2.4,1.04,0.78,1.08,1.38,1.03,1,0.82,2.02,1.71,0.44,0.75,0.56,1.02,2.19,1.34,1.02,1.63,0.8,1.26,2.06,1.93,0.49,0.67,0.54,1.04,1.11,0.37,2.5,1.87,1.09,2.59,0.51,1.02,0.84,1.64,1.24,1.75,2.17,1.66,0.84,0.83,0.79,1.74,1.33,1.37,0.69,2.61,1.92,0.71,0.68,0.89,1.17,0.64,0.48,1.2,1.46,1.07,1.97,1.75,1.03,1.4,0.9,1.49,1.18,1.33,0.74,2.24,0.57,0.63,1.57,1.34,1.16,0.93,2,1.18,1.99,0.35,1.61,0.75,0.62,0.79,0.7,2.01,1.63,0.82,0.89,0.46,0.84,0.6,0.94,1.29
Madhya Pradesh,Rainfall,mm,1338,908,620,1297,1106,666,1463,1436,1100,1064,791,1160,742,1498,1148,862,792,662,1039,1087,1281,1144,1012,932,1266,661,782,1395,1346,959,988,1039,1283,1302,1204,661,666,805,996,852,1267,1060,1460,837,679,612,694,1146,1125,639,962,963,1256,1040,978,674,1246,906,754,755,693,1358,1308,1290,1314,684,875,738,1175,854,1009,1327,1413,1138,1210,680,931,692,1439,764,1317,982,603,911,872,1210,862,605,788,828,1220,1003,921,1011,1334,1130,854,1220,689,626,1335,694,863,1039,800,1135,1219,1397,1242,1137,651,880,709,739,1247,1030,1043,970,1161,927,866,741,971,882,1018
Madhya Pradesh,Exploitation,%,61.87,62.88,71.33,51.23,39.75,28.93,22.74,63.56,38.51,73.41,43.78,24.34,25.12,42.33,27.88,38.02,52.37,26.93,49.24,27.44,22.54,22.72,22.23,35.94,44.28,50.22,67.4,73.07,22.34,40.64,22.68,32.28,40.83,25.93,73.8,27.19,56.29,24.61,54.28,68.46,60.38,28.86,37.18,26,23.98,30.76,20.87,28.96,32.87,65.98,56.87,30.12,72.64,78.64,26.95,36.23,76.71,44.11,47.54,47.94,68.5,65.42,57.71,35.04,66.46,57.54,20.81,28.37,61.58,75.9,33.32,26.51,21.74,75.16,34.1,28.08,57.32,23.79,31.74,60.43,35.61,45.05,56.09,52.2,70.51,81.18,55.79,61.6,34.63,29.99,54.1,27.01,44.35,75.84,79.61,39.54,52.17,27.42,74.47,24.05,25.41,36.72,66.32,65.12,30.54,63.6,47.98,65.82,80.34,71.98,58.44,34.43,31.27,51.82,74.18,47.06,57.72,72.77,80.23,64.22,37.56,33.8,76.46,70.86,63.37
Maharashtra,Groundwater,m (bgl),24.31,21.64,13.89,53.63,27.7,48.76,9.83,43.15,32.03,51.13,19.01,28.88,7.73,27.2,57.64,6.85,58.41,10.01,23.78,38.08,51.19,25.42,11.13,51.85,37.95,57,17.05,18.85,53.11,54.18,46.34,35.61,8.99,23.67,49.55,52.86,51.88,30.77,45.66,35.11,37.14,46.08,19.46,49.43,19.12,38.8,28.87,12.8,17.49,15.25,29.99,17.09,54.69,36.23,28.95,17.09,46.99,49.67,28.19,51.35,7.12,24.75,55.57,42.37,44.77,59.06,32.45,8.88,15.23,32.55,24.94,30.66,40.42,57.41,27.97,19.88,35.69,39.32,30.55,8.26,28.96,50.25,46.63,22.4,24.58,20.04,22.37,54.74,21.03,37.27,14.19,36.77,7.18,36.05,19.62,12.93,20.63,38.08,49.78,23.61,34.89,43.43,51.7,29.64,39.26,32.27,60.27,11.17,52.77,24.36,57.13,40.12,11.03,50.91,24.09,19.89,9.57,8.29,52.54,58.63,30.13,41.75,27.04,41.02,52.23
Maharashtra,Recharge,bcm,0.98,0.65,0.61,0.75,1.99,2.18,1.63,1.12,1.26,0.35,1.33,1.17,0.82,1.12,1.56,0.63,1.87,1.51,1.93,1.08,0.51,1.22,0.95,1.08,1.06,1.66,1.94,0.53,0.94,0.42,0.46,2.01,1.55,1.73,0.96,0.43,1.45,0.74,1.62,0.64,0.79,0.83,1.45,1.94,1.74,0.83,1.01,1.39,2.23,0.76,2.01,0.68,1.22,0.93,2.15,1.25,1.08,0.92,1.75,2.33,1.11,0.54,1.1,1.09,2.9,0.74,1.36,0.97,0.99,2.21,1.28,1.68,1.98,0.7,1.76,2.71,0.47,1.5,1.39,1.28,1.94,0.98,0.6,0.83,1.61,0.87,1.53,1.57,1.16,0.95,1.32,0.82,0.69,0.76,0.8,1.39,1.21,1.57,1.3,1.71,1.48,1.77,0.99,1.76,1.18,0.87,1.88,1.67,1.7,0.52,1.03,1.01,1.94,1.16,2.13,1.11,1.21,0.98,0.76,1.35,0.67,2.26,0.54,1.25,2.12
Maharashtra,Rainfall,mm,646,880,836,1068,1380,1356,1131,1211,1013,632,980,1132,823,1130,1125,729,1072,1117,1052,1432,784,979,1134,914,1098,1016,1066,664,710,836,859,1164,1435,881,1201,600,1369,612,1234,871,891,1153,845,1178,1476,1086,841,912,1255,620,1410,994,635,690,1487,1113,1395,701,1327,1481,925,727,859,608,1460,1318,1262,870,807,1297,985,940,1052,1145,1147,1477,745,1037,1270,687,1085,1199,698,914,1296,691,1141,816,602,1437,678,872,857,1056,634,730,1137,1201,805,1376,1304,958,831,1415,1484,961,959,1104,1057,622,993,902,1130,606,1119,1174,1181,919,1357,740,964,1419,1019,931,1447
Maharashtra,Exploitation,%,52.91,18.06,42.32,63.89,23.93,55.01,49.81,71.79,69.6,38.36,45.15,55.81,44.97,37.92,25.7,35.77,54.15,33.56,62.01,62.44,59.99,50.68,70.67,74.6,19.98,70.86,51.84,75.56,73.28,57.01,77.25,44.49,44.24,57.49,62.25,30.5,44.04,77.86,30.5,70.76,40.95,74.49,64.07,73.65,22.91,72.33,51.45,46.48,56.79,48.53,43.14,62.07,57.32,42.62,61.65,28.59,24.73,40.47,47.81,35.18,66.74,75.49,70.06,76.85,37.06,21.32,75.1,67.49,38.72,38.66,48.43,45.58,50.05,80.88,34.17,70.21,72.51,77.88,67.98,55.49,25.2,27.35,62.54,44.5,57.21,64.71,26.59,40.89,29.06,62.88,74.73,43.92,65.76,57.65,27.8,71.9,80.68,72.21,42.13,67.82,57.94,53.35,52.85,63.41,38.85,28.71,47.59,79.58,24.97,37.69,69.92,41.5,62.62,39.28,32.53,51.82,60.62,66.17,35.69,38.17,58.2,79.22,31.31,75.35,59.37
Manipur,Groundwater,m (bgl),25.29,31.9,18.77,40.27,5.82,49.84,40.87,21.45,14.16,39.41,43.77,32.15,11.96,20.02,46.08,30.75,29.01,31.97,15.17,26.51,7.94,42.13,36.36,32.57,53.12,8.43,38.46,8.73,39.17,17.48,12.04,17.11,19.74,42.29,16.13,23.48,44.86,38.08,12.43,39.24,15.33,11.99,35.89,5.79,13.83,13.54,14.88,54.76,40.26,53.36,44.13,39.57,47.61,45.86,45.91,15.33,27.52,59.43,38.54,29.51,5.28,11.85,24.22,57.1,50.98,9.7,7.85,15.71,47.35,15.75,31.4,53.52,17.54,52.73,52.84,14.25,12.03,5.96,44.55,43.02,35.09,11.04,22.48,56.65,33.99,54.05,46.96,28.96,40.27,27.76,32.78,23.61,9.2,57.53,22.28,23.4,11.67,40.14,45.83,32.72,13.76,46.06,53.54,52.01,58.31,14.89,9.93,51.56,22.67,31.17,20.36,38.67,59.79,13.86,10.01,29.65,32.03,41.06,43.8,9.63,25.27,45.79,54.69,54.57,42.93
Manipur,Recharge,bcm,1.02,0.57,0.72,1.82,0.57,2.1,1.24,1.03,1.87,1.3,1.64,1.51,1.35,2.02,1.87,2.24,1.07,0.9,1.05,0.79,1.62,2.57,1.22,1.5,1.4,2.5,1.77,1.81,0.88,2.17,1,2.08,2.02,2.22,1.98,0.57,1.19,2.16,2.1,2.18,1.46,0.87,1.44,1.92,1.24,1.6,0.93,1.01,0.82,1.6,0.9,1.47,2.55,0.38,1.37,1.76,0.85,1.04,0.75,1.53,1.34,1.55,1.8,2.04,2.55,2.18,1.6,1.48,1.84,0.57,1.96,2.27,1.12,0.79,1.1,1.32,1.01,1.2,0.78,1.16,0.49,0.88,0.55,0.97,0.65,0.77,0.97,1.47,1.98,1.75,1.09,0.77,1.14,0.83,0.51,1.52,1.6,1.86,0.87,1.48,2.6,0.43,0.71,1.64,0.83,0.76,1.94,2.23,2,1.17,0.83,2.06,1.53,1.35,1.58,1.41,0.76,1.63,1.07,1.09,0.45,1.61,0.68,0.93,0.76
Manipur,Rainfall,mm,1480,962,1057,1070,851,1403,892,651,1021,1261,1153,1076,953,1405,1055,1438,774,841,773,680,874,1302,1318,1053,1249,1327,1070,955,668,1124,1369,1137,1134,1206,999,890,766,1141,1171,1390,1058,926,942,1245,1207,998,1199,650,1331,1058,836,1110,1416,712,1039,1099,1451,1031,1185,915,829,1463,1063,1259,1381,1289,932,991,1403,1038,1158,1263,1466,1336,1182,804,1285,886,628,1443,601,738,853,1453,683,1357,1420,1001,1319,966,623,715,874,1313,730,1267,1020,1061,716,1207,1391,657,1370,991,791,663,1023,1422,1301,1139,1462,1171,1315,1418,974,1316,615,1474,712,1207,616,1274,1325,660,1000
Manipur,Exploitation,%,70.2,30.68,44.75,32.2,36.04,44.06,74.78,54.57,66.49,32.84,52.93,70.83,49.98,68.55,39.49,30.8,58.66,65.45,40.62,25.79,36.6,56.8,27.82,75.27,20.2,33.63,62.03,78.7,47.25,33.44,63.35,22.33,70.93,64.84,38.94,19.65,78.5,32.02,75.8,38.07,38.96,62.87,59.21,37.4,72.05,50.66,61.25,47.81,58.14,65.35,48.63,22.95,77.38,51.83,41.96,50.16,25.66,63.21,24.78,41.53,38,53.35,73.18,29.55,29.26,52.87,75.12,56.88,21.67,38.52,41.54,37.46,67.05,75.62,32.22,49.29,47,77.09,22.1,63.74,68.29,44.57,25.57,66.56,35.96,32.67,31.35,46.05,27.68,28.77,61.4,52.52,54.29,45.21,34.33,45.08,70.26,58.31,80.93,66.46,48.98,50.68,73.94,38.8,45.94,28.15,31.47,48.69,38.86,42.86,81.23,57.94,41.16,24.43,68.54,32.64,64.38,80.72,81.36,45.3,32.69,67.09,60.55,56.46,73.32
Meghalaya,Groundwater,m (bgl),41.17,35.62,57.7,15.56,7.27,40.56,27.81,43.65,36.71,25.6,4.81,32.9,10.32,10.15,25.87,16.58,8.07,51.89,12.11,42.94,5.57,32.89,18.47,14.72,43.61,33.06,9.62,18.09,50.14,10.01,59.33,15.99,5.44,27.49,47.74,48.39,34.07,58.49,32.31,9.56,23.77,46.39,8.22,19.72,51.65,20.06,23.42,54.19,59.25,58.41,55.77,24.57,20.64,55.16,53.53,30.41,48.5,60.08,23.76,25.57,39.59,41.94,53.5,21.3,48.48,26.77,57.4,7.97,52.95,38.68,46.02,11.84,24.92,49.85,34.65,35.74,57.83,13.43,15.02,12.4,53.23,46.76,28.87,22.03,56.31,36.48,42.31,46.8,30.47,26.07,30.4,33.57,44.37,17.23,49.96,42.13,57.63,29.89,15.9,41.1,20.76,30.04,51.62,47.95,30.63,20.08,59.67,31.17,21.75,41.75,57.96,16.84,11.52,57.98,19.73,40.72,48.47,21.56,54.23,59.23,48.23,49.78,38.41,9.24,15.35
Meghalaya,Recharge,bcm,3.45,4.75,2.3,3.59,3.91,2.65,1.79,0.92,3.14,3.96,2.45,4.23,5.02,2.96,3.07,1.64,4.65,3.19,1.53,5.59,2.3,3.62,2.56,3.48,2.46,1.46,1.42,3.34,2.59,5.16,1.85,2.51,2.88,1.64,2.99,2.84,3.2,1.73,3.63,1.67,4.81,1.94,1.88,2.49,2.67,2.86,3.1,3.26,3.97,2.48,1.76,2.64,1.17,1.61,2.83,1.53,2.27,2.08,4.18,1.49,3.85,0.83,1.48,3.71,3.93,2.82,1.89,3.44,1.74,1.2,3.27,1.41,2.87,3.26,2.03,1.42,1.39,1.79,3.39,3.91,3.05,1.87,2.82,1.6,2.12,2.69,3.09,2.97,3.4,2.52,1.33,2.28,2.9,3.17,2.56,2.25,2.09,3.21,3.54,1.42,2.02,3.24,3.74,5.27,2.41,2.4,2.07,3.07,3.24,1.54,4.11,4.38,1.55,5.35,4.09,1.45,2.58,3.06,3.29,3.14,1.35,3.33,1.8,2.4,1.25
Meghalaya,Rainfall,mm,2356,2604,1739,2695,2349,2165,2875,1513,2513,2716,2131,2574,2621,2743,2851,2260,2850,2313,2800,2966,1788,2978,2075,2553,1802,1964,2504,1755,2859,2787,1993,2406,1936,2095,1995,1675,1892,2626,2317,1907,2761,2230,2360,1771,2248,2124,1729,2248,2657,2522,1648,1774,1623,2441,1621,1947,2321,2501,2997,1735,2045,1627,1517,2063,2499,2389,2531,2766,1650,2337,1730,2583,2240,1705,2376,2216,1737,2699,2234,2689,1687,2883,2115,1746,2187,1905,2150,1983,1981,1936,2602,2075,2424,1663,2207,1546,1872,2222,2719,1617,2289,1646,2949,2989,1999,2859,1833,2840,2216,2748,2444,2870,1715,2708,2478,2631,1717,1652,2463,2756,1597,1664,1523,2354,1876
Meghalaya,Exploitation,%,40.63,68.56,65.17,49.22,41.36,75.05,35.7,32.54,64.64,65.55,33.37,43.07,66.12,46.73,69.79,45.15,24.17,24.2,65.37,34.49,34.95,48.69,41.22,30.84,20.86,64.61,62.31,31.53,32.15,38.77,76.2,45.68,50.97,75.95,55.59,47.86,30.46,27.82,32.99,48.46,59.39,56.08,50.19,72.88,38.91,65.28,77.92,35.31,20.15,60.74,63.29,77.51,67.76,54.48,54.1,49.17,76.59,48.06,59.32,75.94,50.55,70.76,49.27,53.82,31.56,27.24,40.72,60.26,58.26,58.47,35.52,31.78,61.61,74.62,79.83,68.77,54.33,50.64,58.24,50.56,48.4,63.24,59.04,53.06,70.38,48.1,65.32,57.75,60.62,28.96,22.12,22.8,79.02,78.61,23.84,59.57,71.27,48.04,45.95,28.1,78.54,69.65,48.07,42.54,69.81,68.71,79.75,36.63,44.62,53.03,61.77,48.84,70.9,41.69,42.96,32.58,68.13,40.25,76.36,48.18,76.98,61.38,25.15,61.22,78.23
Mizoram,Groundwater,m (bgl),16.67,37.69,29.62,10.48,40.06,11.23,45.11,41.34,40.58,8.81,7.18,27.65,39.97,23.78,20.46,34.29,14.7,11.48,13.39,8.71,51.24,56.06,7.34,54.7,10,52.22,15.71,16,25.55,14.42,33.32,10.76,43.45,31.27,52.29,19.67,36.75,45.6,56.95,42.71,47.09,7.32,32.99,18.4,32.38,49.79,5.41,12.82,25.4,47.39,50.69,49.49,59.49,49.19,38.91,47.48,24.07,48.98,53.74,38.66,38.59,55.15,41.75,45.05,49.12,49.21,37.69,29.8,51.26,8.7,23.88,43.09,49.32,19.76,56.8,19.9,33.92,35.94,9.45,12.72,8.45,32.42,44.04,19,57.39,35.16,40.76,57.55,8.37,53.36,16.65,26.7,58.91,39.23,27.88,44.46,42.79,15.75,48.07,44.08,38.26,38.51,6.32,51.01,18.54,37.54,58.53,30.21,60.21,19.86,49.07,20.13,25.01,58.13,21.88,51.17,44.86,45.41,7.82,31.83,6.84,48.2,56.09,36.81,57.6
Mizoram,Recharge,bcm,1.67,1.68,1.72,0.84,1.22,0.74,1.43,0.73,1.59,1.04,1.55,1.6,0.41,1.57,1.53,0.93,1.63,0.47,1.96,1.91,2.37,0.64,0.41,0.74,1.11,1.07,0.79,1.15,0.93,0.75,0.34,1.19,0.84,2.41,1.97,1.42,0.52,1.03,0.64,0.54,0.87,1.63,0.5,0.76,1.64,0.66,1.84,0.32,0.89,0.62,0.98,1.17,1.06,2.12,1.14,0.74,0.82,0.49,0.45,0.76,1.31,1.56,1.22,0.48,1.22,0.9,2.9,0.55,0.74,0.77,1.79,2.23,0.89,1.09,1.89,0.89,0.88,2.43,1.1,0.84,2.02,1.18,0.84,1,2.1,0.57,1.77,1.6,0.55,2.72,1.19,1.77,1.23,1.04,1.48,1.43,2.33,1.19,0.77,1.45,0.72,2.07,1.66,1.9,1.43,1.07,1.48,0.71,2.18,2.01,1.06,1.69,2.94,1.53,0.73,0.61,0.86,2.14,1.43,1.22,1.49,0.41,1.83,1.58,1.86
Mizoram,Rainfall,mm,1057,1027,1119,1051,1098,1011,762,862,1059,942,867,969,616,1421,1073,1363,1133,864,1282,1005,1266,1238,729,931,620,1017,1370,699,674,705,608,761,756,1422,1244,1118,942,1317,941,1020,1376,1186,811,1377,997,870,999,604,681,1083,867,1104,793,1496,1498,806,1368,819,757,1107,670,1330,925,664,648,1048,1476,661,686,839,1385,1398,690,1500,1074,645,743,1403,787,674,1009,969,1046,876,1080,698,1489,994,839,1401,759,1009,730,848,1296,737,1212,681,1076,1440,1219,1396,965,1303,995,1127,1443,628,1121,1251,787,1306,1486,916,816,711,697,1297,964,1215,1165,696,1034,1215,1101
Mizoram,Exploitation,%,71.6,70.88,31.02,35.12,41.2,52.53,43,60.23,35,59.02,67.58,51.54,22.3,72.01,30.84,41.59,57.79,71.16,36.86,60.82,41.88,63.45,23.61,41.95,40.19,54.42,56.44,60.84,52.95,67.52,51.15,50.06,58.32,27.76,77.01,52.1,64.32,33.82,57.54,62.32,35.05,59.62,72.86,38.96,28.4,79.08,35.59,40.06,20.74,60.36,32.61,37.38,42.76,52.86,52.01,36.4,63.44,45.01,51.95,42.3,46.06,70.09,58.93,39.8,67.01,67.65,21.15,56.91,36.29,51.31,38.03,39.27,28,25.86,68.49,33.45,74.86,52.27,69.38,68.96,78.61,55.01,45.7,69.25,55.01,22.64,31.46,79.15,48.32,56.71,32.22,27.07,59.91,68.16,53.22,62.18,31.57,32.4,38.63,64.24,52.96,66.84,37.71,26.42,58.28,67.14,72.67,36.2,67.73,24.96,31.82,56.4,44.86,25.76,56.05,27.01,35.52,76.41,32.62,45.07,25.39,28.46,78.27,35.12,24.24
Nagaland,Groundwater,m (bgl),13.43,21.54,18.58,30.81,34.75,42.89,50.01,40.92,41.45,55.37,58.68,13.31,57.18,34.29,21.15,47.57,57.29,24.41,16.33,23.93,58.16,55.9,27.3,4.74,50.23,41.09,5.36,54.45,24.01,50.76,40.97,5.33,43.84,8.84,16.16,57.3,51.16,25.7,36.48,7.9,37.67,33.44,7.78,54.45,10.18,34.06,53.51,56.07,44.91,43.47,11.21,22.52,50.2,57.2,39.09,40.78,53.78,6.07,45.78,46.53,52.3,57.93,51.34,50.19,53.08,47.57,25.48,9.36,44.3,49.49,58.94,59.19,17.7,27.84,58.35,36.84,24.88,37.35,31.21,18.37,34.48,50.53,21.62,11.35,38.5,29.86,38.98,35.98,19.43,59.91,52.24,6.59,41.04,56.98,49.54,54.97,34.04,54.52,36.8,15.83,12.27,46.35,60.07,22.95,42.49,36.12,24.36,55.37,27.62,54.5,38.05,47.46,26.38,43.37,22.32,50.01,24.83,38.79,19.63,28.03,19.28,52.79,59.78,24.78,44.63
Nagaland,Recharge,bcm,1.27,3.28,2.71,2.3,3.88,3.39,2.17,1.47,1.24,5.12,4.86,2.72,2.49,3.64,3.35,1.8,3.17,1.58,1.35,4.93,3.68,1.3,2.88,2.37,4.49,2.77,1.66,1.51,3.26,4.67,2.66,3.4,1.84,1.92,4.16,1.77,2.61,2.67,3.94,3.04,2.2,2.28,2.51,3.63,1.32,1.55,4.98,2.53,4.11,2.98,1.38,1.7,1.93,4.42,4.63,2.25,1.64,2.98,3.37,2.45,3.09,1.05,1.52,2.13,2.17,2.69,2.21,1.32,4.87,4.62,4.47,4.98,4.63,1.21,1.31,3.06,1.07,3.5,2.07,2.49,5.06,1.94,2.17,4.05,1.33,3.75,1.37,3.2,1.15,3.02,2.66,2.92,2.95,1.38,1.25,4.61,3,2.23,1.96,3.31,1.76,1.45,4.12,2.87,1.33,4.3,1.57,3.12,1.41,2.45,3.71,2.32,4.93,4.51,4.77,4.46,2.36,3.58,3.98,3.3,3.82,5.07,2.79,3.45,1.49
Nagaland,Rainfall,mm,1877,2223,2580,2998,2417,2622,2908,1560,1681,2989,2913,2140,2519,2516,1931,1619,2233,2889,1816,2668,2763,1982,2625,1866,2986,2347,1944,2892,2332,2928,1999,1762,2377,2030,2963,2844,1540,2588,1989,2851,2598,2337,2017,2105,2359,2421,2990,1834,2470,2624,1937,2833,2326,2576,2910,2390,1695,1876,2118,1941,2582,2018,1939,2992,2223,1876,2787,2525,2558,2606,2435,2938,2453,1981,2290,1544,2056,1969,2778,2635,2663,1699,2649,2284,2164,2459,2322,2276,1972,2422,2255,2796,1814,1522,2396,2551,2876,2982,1555,2262,2038,1554,2434,2058,1719,2327,1815,1669,1531,2028,2068,1710,2964,2625,2765,2320,2235,2112,2394,1820,2502,2737,1642,2018,2856
Nagaland,Exploitation,%,39.07,49.98,76.47,19.98,48.72,26.47,67.83,52.46,25.23,23.75,55.64,40.4,23.68,55.71,31.25,27.84,63.16,34.59,56.4,62.51,78.36,49.04,54,65.72,32.57,35.78,72.19,41.22,44.05,75.4,61.67,44.05,54.99,53.52,68.13,62.62,72.16,77.41,78.64,52.57,31.57,24.97,22.11,20.93,71.57,21.39,66.61,38.76,23.53,28.83,34.61,34.19,66.53,78.43,29.74,72.09,70.35,76.98,33.2,50.42,76.94,45.46,51.06,43.77,64.34,42.74,46.23,63.56,71.86,79.64,57,72.24,21.49,28.18,41.97,74.36,38.85,23.46,34.56,66.73,81.48,35.8,42.45,35.49,47.84,80.91,41.79,59.34,47.53,45.33,49.99,77.04,50.31,62.44,39.1,40.31,76.62,30.36,54.55,38.74,59.61,25.95,63.22,38.99,46.33,79.71,69.31,73.39,40.85,82.3,31.53,61.16,58,26.23,62.82,28.15,55.81,56.33,81.1,77.66,66.56,83.3,35.94,45.75,75.37
Odisha,Groundwater,m (bgl),8.05,4.26,7.33,49.53,35.98,49.77,4.58,22.9,38.25,34.98,27.44,30.01,16.23,41.05,38.79,32.08,22.58,23.55,45.02,7.2,51.92,17.09,52.53,53.34,50.16,41.67,52.65,11.67,23.46,59.18,26.88,37.02,13.6,24.84,37.47,14.26,12.36,58.98,38.12,13.37,31.35,17.74,19.95,20.08,40.53,31.33,23.53,57.1,55.7,48.85,56.81,59.64,50.7,7.34,8.61,44.13,15.34,30.49,12.08,31.88,19.45,55.96,18.53,36.13,44.97,11.11,57.38,7.94,7.01,57.44,23.68,35.1,36.69,29.9,58.53,47.11,37.13,9.52,12.03,9.49,40.9,49.8,60.58,29.71,59.64,12.93,33.87,55.71,23.77,60.66,48.82,9.47,14.43,8.79,60.34,50.32,31.48,35,30.41,27.09,11.27,30.08,48.75,7.21,28.61,30.38,60.14,49.67,58.34,20.18,19.53,10.73,9.33,45.24,46.46,57.99,26.52,35.51,34.63,25.44,44.59,57.46,38.43,59.95,13.45
Odisha,Recharge,bcm,1.09,2.13,0.67,1.27,1.2,0.41,1.32,1.36,1.16,0.95,2.04,0.72,0.79,0.74,1.49,1.93,0.55,1.56,1.73,1.21,1.03,1.52,1.01,0.58,1.02,1.2,0.9,0.86,1.63,1.64,2.26,1.6,0.6,1.34,1.1,1.29,0.9,0.86,0.94,0.77,0.54,1.66,1.14,2.19,0.46,1.57,1.25,0.95,1.31,2.28,2.36,1.86,1.44,2.47,1.37,1.02,1.24,0.88,0.73,2.59,0.84,1.5,0.74,1.71,2.36,0.75,1.02,1.85,0.51,1.05,1.58,0.99,2.18,2.38,0.39,1.66,1.22,1.3,1.25,1.21,1.55,1.23,1.55,1.17,1.94,1.35,0.53,0.56,1.8,2.25,1.12,0.78,0.88,1.1,0.7,1.29,1.52,1.75,1.87,0.65,0.82,1.95,1.37,1.39,1.88,1.34,1.62,1.97,1.4,0.94,0.46,1.02,0.87,1.77,2.81,2.03,2.39,1.82,1.67,1.47,1.68,1.93,1.79,0.5,1.85
Odisha,Rainfall,mm,809,1419,1051,893,1074,757,1215,912,1376,1297,1099,1210,900,648,829,1079,822,888,1404,1185,641,944,680,918,796,735,1074,612,1249,873,1227,839,945,790,710,1442,1344,815,920,636,633,832,608,1291,814,1439,814,653,1247,1207,1458,994,843,1253,916,1169,630,1063,1457,1348,1307,839,1029,983,1182,845,942,1067,976,1241,1420,1372,1317,1204,742,1116,1498,808,1361,675,872,725,1194,1004,1043,1085,846,873,1260,1267,1305,1168,1377,778,1011,1331,880,1203,1418,869,773,1458,737,1147,1197,771,831,1468,826,1126,863,641,1421,1336,1436,1133,1355,1242,852,967,972,1084,976,896,968
Odisha,Exploitation,%,30.88,32.46,34.56,45.26,33.86,20.36,55.35,41.62,44.78,53.4,42.22,71.7,40.65,66.72,58.56,50.24,56.27,31.89,46,57.28,68.82,75.26,27.26,40.02,22.91,67.48,19.86,59.5,38.93,57.8,63.7,78.24,25.28,27.94,49.85,37.47,76.57,20.73,79.32,75.93,55.4,28.16,23.04,55.25,25.57,29.65,47.89,64.14,48.29,27.64,20.61,72.49,77.51,43.91,71.71,67.72,41.87,30.11,37.29,38,50.13,22.73,47.4,79.32,54.9,23.82,42.69,73.16,25.29,71.99,24.31,26.9,38.59,65.41,60.72,74.55,68.51,51.05,39.33,78.35,74.8,46.45,51.16,80.43,75.04,48.6,27.74,55.35,62.72,54.4,61.28,76.45,29.96,24.29,32.2,61.27,23.03,78.82,79.41,26.25,48.7,74.27,80.9,62.54,55.77,82.6,46.23,40.55,72.36,35.81,57.05,27.49,62.96,80.07,45.88,75.99,36.87,82.05,74.67,56.13,51.73,52.24,56.48,30.6,34.42
Punjab,Groundwater,m (bgl),50.82,50.1,5.39,44.35,16.93,39.16,31.3,13.74,57.13,14.13,47.37,4.63,51.03,48.23,5.46,5.26,14.05,18.4,29.31,45.22,42.88,24.43,9.2,37.97,56.32,34.8,14.51,53.76,59.19,34.37,17.55,42.69,55.75,35.24,22.41,14.91,42.12,32.06,44.03,28.94,38.49,53.3,51.01,43.89,46.45,41,57.92,38.34,48.83,12.1,48.66,37.34,38.78,13.53,17.82,9.43,10.97,51.24,7.06,52.94,47.16,60.03,44.71,25.38,47.57,48.43,37.17,32.62,56.07,55.39,42.06,36.87,44,29.52,11.11,48.19,46.88,12.55,43.15,37.59,42.48,44.31,52.16,24.58,50.52,14.46,33.56,30.32,22.41,10.64,37.87,22.4,55.38,51.91,35.7,41.35,28.52,36.35,39.96,21.92,46.11,44.39,10.27,59.73,52.12,10.68,51.82,58.35,43.43,55.42,22.16,41.78,37.25,17.87,26.7,49.43,53.44,30.7,14.37,54.56,8.3,44.03,45.47,18.47,47.5
Punjab,Recharge,bcm,0.33,0.58,0.94,0.84,0.61,0.92,0.87,0.92,0.29,0.64,1.17,0.84,0.45,0.5,0.6,0.34,0.68,0.82,1.02,1.11,0.29,0.23,0.56,0.58,0.37,0.56,0.65,0.71,0.9,0.53,0.3,0.38,0.89,0.29,1.08,1.09,0.47,0.66,1.27,0.68,0.38,0.96,0.35,0.74,1.06,0.59,0.56,0.51,1.15,0.28,0.6,0.64,0.61,1.36,0.31,0.51,0.46,0.48,0.93,0.77,0.32,0.32,0.5,0.42,0.46,0.48,0.66,0.64,0.64,0.62,0.2,0.84,0.54,0.43,0.29,0.8,0.23,0.38,0.4,0.47,0.88,0.25,1.42,0.37,0.42,1.37,1.05,1.28,0.26,1,0.34,0.62,0.43,0.26,1.02,0.84,0.62,0.45,0.44,0.18,0.27,1.22,0.94,0.38,0.82,0.6,0.12,0.37,0.81,1.31,0.24,0.36,1.42,0.6,1.48,1.56,0.5,0.48,1.41,0.35,0.33,0.47,1.05,0.67,0.55
Punjab,Rainfall,mm,533,699,630,556,653,673,782,752,393,526,731,743,546,719,351,214,768,602,768,650,309,459,301,372,201,432,475,750,529,307,254,487,481,321,764,782,426,472,694,486,232,526,468,711,727,324,561,561,620,263,340,544,495,736,297,396,691,675,585,600,505,478,573,734,659,432,448,336,328,627,275,440,466,331,427,493,272,281,560,349,525,400,760,283,302,725,724,796,364,538,627,660,786,382,777,673,506,420,330,233,432,609,532,294,763,462,230,547,511,689,475,331,770,719,766,787,467,285,756,354,489,325,533,390,302
Punjab,Exploitation,%,35.46,32.92,51.57,52.62,69.88,51.93,31.21,42.42,49.95,50.51,30.62,41.75,65.74,61.79,26.25,71.2,21.23,44.88,42.73,44.46,38.88,60.79,49.03,73.06,52.89,75.88,25.56,59.5,71.44,54.75,20.12,46.98,26.69,40.05,50.2,27.01,31.19,58.37,22.87,25.1,70.76,20.96,51.47,33.26,28.58,74.08,78.3,39.23,28.42,30.21,72.69,41.28,45.04,70.2,51.49,55.64,45.2,66.85,37.25,69.85,48.16,37.41,25.25,78.48,54.09,79.67,74.82,39.96,50.11,71.23,77.86,57.16,38.84,30.93,76.98,41.53,66.92,54.75,79.53,71,26.41,65.98,52.61,63.69,72.71,77.11,62.55,22.01,62.39,27.78,74.29,51.2,68.11,47.54,32.39,58.34,48.22,58.66,37.41,62.98,34.18,27.81,28.69,67.11,36.09,33.05,72.89,24.9,50.61,68.09,38.94,63.73,51.41,44.1,73.39,70.7,46.66,53.79,79.82,26.32,49.58,60.53,58.06,56.52,80.78
Rajasthan,Groundwater,m (bgl),35,47.51,39.23,34.08,25.4,21.46,53.67,17.95,47.46,56.1,31.58,41.63,52.61,42.47,46.86,15.02,35.28,56.26,5.42,49.23,27.69,38.22,48.87,28.73,29.52,26.66,24.31,49.67,40.93,19.56,8.7,54.16,50.06,40.59,55.53,8.32,33.72,26.82,6.42,6.62,45.56,40.59,24.66,23.05,55.72,58.63,49.42,13.05,42.32,57.35,46.12,12.63,19.05,36.56,37.54,11.85,36.36,21.81,41.98,30.69,30.28,59.86,50.28,35.55,59.32,31.97,58.57,8.68,50.63,30.53,35.28,34.17,47.2,18.03,11.5,52.61,33.28,16.56,25.79,27.18,40.49,40.32,49.22,16.43,12.85,33.85,11.47,22.92,10.03,30.74,31.59,57.67,32.35,34.07,57.26,6.3,50.02,45.02,44.44,22.39,14.88,40.12,30.94,15.72,52.79,23.84,33.3,34.58,24.4,60.62,53.04,11.12,19.7,25.03,33.76,17.33,31.05,24.04,27.45,20.15,28.88,26.72,37.74,44.13,7.23
Rajasthan,Recharge,bcm,1.33,1.04,0.34,1.17,0.83,0.5,1.09,0.58,0.41,1.03,0.18,0.33,0.56,1.04,0.7,1.07,0.19,0.9,0.23,0.48,0.47,1.31,0.61,0.83,0.22,0.84,0.63,0.43,0.8,0.57,0.64,0.24,0.38,1.36,0.35,0.78,1.42,0.91,0.38,1.16,0.56,0.67,0.71,0.14,0.74,0.51,0.41,1.03,0.33,0.5,0.95,0.54,0.29,0.31,0.97,0.84,0.8,0.51,0.19,0.27,0.74,0.38,0.89,0.6,1.31,0.38,0.42,1.33,0.71,0.4,0.47,0.31,0.32,0.17,0.31,0.98,0.58,0.24,0.49,0.65,0.13,0.57,0.77,0.16,0.65,0.56,0.94,0.96,1.15,0.94,0.64,0.33,0.39,1.02,0.6,1.43,0.76,0.64,0.48,0.82,0.74,1.4,0.23,0.22,0.48,0.95,0.79,0.38,0.38,1.1,0.57,0.61,1.18,0.35,0.39,1.06,0.8,1.18,0.93,0.29,0.42,0.98,0.51,0.11,0.96
Rajasthan,Rainfall,mm,704,709,301,678,690,481,771,386,244,673,367,625,731,528,358,622,214,474,292,330,677,668,406,541,250,620,404,690,418,517,476,441,668,711,583,390,744,623,342,779,412,558,654,250,403,689,311,530,312,800,695,660,235,520,649,746,698,331,354,398,686,315,611,409,765,484,241,676,440,335,638,371,393,245,304,740,314,205,463,701,224,317,543,215,780,783,737,722,780,490,574,538,584,658,484,736,538,523,411,488,485,765,307,359,372,677,595,486,490,657,680,580,688,599,267,675,515,686,519,320,257,527,543,207,575
Rajasthan,Exploitation,%,59.27,39.81,41.31,40.49,72.39,37.51,71.26,56.24,53.86,36.37,31.48,46,33.02,66.62,53.45,31.52,37.27,50.33,53.25,53.73,27.95,37.48,62.83,61.23,64.83,47.18,30.71,66.37,25.33,55.55,48.65,39.03,49.85,24.67,78.39,24.47,71.21,52.11,62.7,48.08,61.8,71.42,33.86,31.38,20.47,46.3,21.64,26.57,40.59,68.67,57.07,53.46,61.8,68.01,29.23,69.96,79.87,62.08,58.37,43.1,39.05,36.23,60.2,79.4,30.23,51.72,52.24,71.21,42.99,39.01,41.05,61.61,49.37,70.41,56.34,54.21,80.89,46.76,71.85,59.23,55.51,41.67,67.87,69.38,72.64,73.63,25.12,29.44,61.48,66.38,44.35,48.6,66.19,67.29,65.11,68.25,22.86,68.77,35.74,52.94,30.68,26.33,60.23,49.28,81.29,28.1,74.27,22.97,67.12,39.77,29.24,31.21,52.91,79.11,36.7,52.93,35.78,30.79,77.75,31.61,51.58,27.05,35.47,65.99,53.12
Sikkim,Groundwater,m (bgl),14.97,21.6,34.21,17.74,44.14,6.24,19.99,22.02,28.98,41.76,56.83,22.76,24.76,26.67,6.99,18.71,29.17,48.89,41.59,32.3,22.57,20.38,7.67,58.13,13.34,17.74,21.63,40.37,9.84,7.2,48.75,28.91,45.54,34.65,8.68,42.57,31.65,8.99,10.38,34.95,36.84,37.45,47.81,39.01,32.09,19.88,10.6,27.68,55.74,58.71,47.56,58.97,14.57,35.54,8.63,57.88,32.54,41.55,32.58,57.32,14.66,18.56,32.57,43.99,18.94,14.07,53.68,16.83,43.67,42.95,9.38,54.19,30.15,57.84,56.11,26.15,40.1,28.93,25.53,13.26,59.29,38.97,34.61,33.45,46.95,15.69,55.55,17.28,54.58,21.79,33.71,36.76,26.8,45,43.57,11.38,38.25,54.11,35.16,42.52,45.95,43.5,8.13,47.32,60.45,37.04,42.53,10.7,44.43,56.36,42.64,45.67,48.14,19.97,26.33,14.39,14.71,46.34,58.22,56.92,43.46,51.12,22.78,48.51,33.73
Sikkim,Recharge,bcm,1.54,1.75,0.77,1,1.17,1.84,1.42,1.14,1.05,1.96,0.82,1.88,0.59,0.82,1.44,1.05,0.64,1.83,1.86,1.58,0.72,0.9,1.1,1.35,1.38,0.51,1.88,0.78,1.15,1.62,2.34,1.26,1.15,0.71,1.5,1.05,0.5,1.56,1.03,1.5,2.5,1,0.77,0.88,1.4,2.11,1.51,1.46,2.04,0.7,1.83,2.16,0.56,0.46,1.17,2.07,0.54,1.24,0.89,0.84,1.15,1.13,1.01,1.26,0.45,0.58,1.16,1.21,1.17,1.34,1.65,1.91,0.77,1.23,0.36,0.59,1.3,0.7,1.08,0.9,2.14,0.8,1.45,1.48,1.86,0.91,0.65,0.77,0.99,1.77,0.63,1.37,2.15,0.44,0.99,1.64,1.16,1.63,0.97,0.67,1.02,1.14,0.81,1.41,1.66,1.12,1.75,0.74,1.66,0.5,2.82,0.95,1.17,1.43,0.78,1.94,0.59,1.15,2.1,1.29,2.87,1.18,1.12,2.06,1.1
Sikkim,Rainfall,mm,1137,880,1430,892,1007,1037,1063,947,980,1110,1293,1238,824,740,854,1051,806,1479,954,856,1374,600,1210,1481,1443,644,1375,821,1342,867,1446,667,716,1175,912,734,717,1029,694,859,1388,1103,962,692,1051,1238,1406,1244,1477,1391,1052,1140,1041,652,1226,1160,981,938,880,1098,916,1003,748,882,851,1008,897,608,642,1034,1187,1162,771,925,610,1016,1086,1293,748,914,1203,1122,804,1004,1028,1376,952,1205,1317,1312,824,1338,1472,690,1020,910,1292,1346,625,1232,928,1192,729,997,1320,700,875,787,966,769,1446,981,949,1085,864,1392,1128,904,1053,670,1472,731,666,1236,668
Sikkim,Exploitation,%,19.4,56.35,76.83,58.13,40.64,72.14,60.15,34.93,22.9,76.77,46.7,41.89,57.58,19.29,67.97,25.1,61.84,42.36,50.94,77.21,40.83,76.08,37.12,74.68,38.49,61.5,29.11,36.01,75.86,38.48,65.28,20.03,74.88,65.9,32.46,64.49,74.3,59.96,29.45,42.59,67.85,60.58,51.38,62.05,70.48,61.29,43.64,38.91,60.15,35.49,56.27,59.2,50.77,73.5,77.48,78.43,50.18,42.68,32.53,46.49,62.32,53.77,41.37,30.85,32.42,65.36,67.11,31.31,38.24,75.04,51.46,56.28,61.48,29.79,32.06,40.77,70.51,58.19,42.27,43.95,59.24,52.98,22.5,44.47,40.06,50.09,36.18,28.41,76.52,66.94,35.4,33.38,43.79,34.51,35.37,64.83,76.89,56.19,57.8,76.79,34.51,63.81,46.37,75.92,28.73,42.16,35.32,60.36,34.88,30.75,52.76,47.01,26.47,41.66,65.06,54.2,44.33,56.84,54.54,55.23,30.53,58.46,27.89,53.66,64.76
Tamil Nadu,Groundwater,m (bgl),28.59,51.58,32.7,6.03,36.42,56.66,11.71,15.86,13.01,56.95,43.82,43.4,17.16,14,28.9,23.47,35.78,44.23,46.48,37.73,39.01,16.11,29.8,13.46,28.75,28.02,19.81,12.45,19.96,18.59,40.27,33.46,36.72,48.71,16.26,12.36,45.34,22.43,14.88,21.47,30.19,33.6,57.59,7.18,11.27,39.11,44.48,5.72,58.66,51.03,31.96,45.36,52.71,29.53,27.44,14.04,31.05,8.22,23.97,20.91,26.82,40.28,50.74,26.28,47.16,41.44,19.64,6.32,58.8,42.31,13.46,48.8,39.19,10.84,24.87,36.8,49.67,13.29,23.51,36.6,37.58,38.91,14.02,8.86,36.49,13.61,37.91,9.61,51.71,9.76,54.27,12.89,44.71,14.16,10.2,60.89,31.01,36.85,16.31,21.57,15.02,42.49,33.68,44.75,56.25,11.43,38.82,8.54,38.45,40.94,11.87,15.6,40.99,58.28,44.37,48.02,19.38,58.22,49.39,45.16,56.34,38.93,58.49,25.92,44.25
Tamil Nadu,Recharge,bcm,2.62,0.83,1.19,2.23,1.39,0.43,1.3,1.14,1.8,0.58,1.22,1.48,0.63,0.46,2.58,0.73,1.46,0.76,0.73,2.79,1.98,2.18,0.5,1.91,1.71,1.94,0.72,1.46,1.16,0.35,2.65,1.26,1.45,1.58,1.04,0.55,2.09,1.46,2.18,0.64,1.05,0.96,1.35,1.1,2.21,1.39,1.07,2.08,2.05,1.15,1.48,1.76,0.94,1.91,1.94,1.2,0.84,1.28,1.64,1.41,1.48,0.69,1.29,0.78,0.78,0.95,1.04,1.75,2.54,0.76,0.8,1.1,1.27,2.44,1.82,1.12,0.56,1.29,1.74,2.32,1.51,0.53,0.7,1.53,2.53,1.63,0.75,1.21,1.81,0.56,0.9,0.61,0.96,0.65,2.11,0.61,1.15,0.78,1.36,0.69,1.19,0.81,0.84,0.8,1.93,0.69,1.71,1.07,0.88,1.63,0.79,0.74,1.79,0.57,0.62,0.8,0.93,0.79,1.33,2.63,1.46,1.01,0.78,0.92,0.84
Tamil Nadu,Rainfall,mm,1497,714,1041,1273,898,796,1288,1041,1491,711,938,1163,888,914,1375,1038,1467,718,671,1457,1425,1187,700,1153,886,969,806,998,1210,669,1411,751,919,1471,1092,902,1247,1362,1189,939,659,773,1121,1335,1119,930,1229,1416,1259,1481,1137,1449,957,1281,1413,798,1335,1195,1070,1343,837,953,824,1457,1309,1137,659,1402,1497,817,1035,824,903,1394,1303,1303,995,1231,1476,1443,1167,700,614,1408,1351,873,1330,1082,1406,612,1111,1179,1062,764,1151,837,624,1301,1220,604,837,1420,1026,683,1058,1012,989,1273,708,929,828,1458,1435,1085,688,1306,1417,1319,824,1486,806,1022,611,1425,1490
Tamil Nadu,Exploitation,%,39.87,75.43,59.33,52.02,46.31,42.8,52.22,50.28,32.09,36.3,62.28,41.63,76.69,77.57,22.64,76.69,50.5,47.73,51.86,68.09,22.51,23.35,58.97,43.02,66.04,55.8,19,73.73,29.53,25.86,21.06,77.57,73.57,31.61,29.51,53.53,55.57,54.19,45.61,75.38,71.95,58.11,48.88,75.91,64.74,25.3,30.06,66.33,33.61,76.91,26.09,73.93,60.71,36.77,29.16,34.49,27.75,35.61,69.25,46.17,32.71,50.89,41.08,21.6,76.08,42.75,79.58,36.56,59.24,25.39,50.09,21.88,46.37,67.2,56.84,25.56,46.52,48.46,65.03,54.77,81.12,53.83,73,27.74,63.88,23.5,50.59,71.77,46.1,71.83,49.76,68.31,50.96,60.82,33.54,22.53,32.04,67.05,40.7,57.84,51.66,78.71,65.04,46.36,37.27,63.06,54.77,60.01,79.06,60.09,27.4,71.72,28.18,32.37,70.66,46.85,68.08,44.27,66.98,49.39,37.96,30.08,57.11,72.29,56.58
Telangana,Groundwater,m (bgl),48.67,31.94,56.97,16.6,8.55,5.78,43.58,14.77,35.34,41.65,57.27,10.66,37.58,58.19,58.71,54.2,10.43,35.54,54.02,38,36.57,21.45,43.74,56.98,33.29,28.05,53.98,57.15,58.77,27.38,19.98,14.7,31.16,57.2,8.83,29.85,39.14,38.01,38.59,51.9,11.6,46.49,6.04,44.8,8.66,33.28,8.19,46.64,16.73,37.87,12.12,24.52,59.69,30.82,56.21,22.23,59.62,17.76,39.51,14.28,29.96,25.06,46.65,44.31,11.25,12.09,48.11,33.59,9.01,48.1,12.64,57.34,24.39,11.71,13.75,24.12,60.26,23.54,52.97,58.42,24.32,15.3,11.1,35.23,18.19,37.94,44.78,19.62,17.94,49.6,33.26,25.63,55.35,49.67,12.14,16.17,22.8,40.48,20.93,38.78,60.93,39.03,11.91,34.69,49.55,58.49,32.57,48.8,39.83,11.83,40.59,24.83,43.82,32.32,51.23,34.52,16.56,50.72,59.21,19.25,13.54,54.76,52.95,26.48,43.69
Telangana,Recharge,bcm,1.21,0.8,1.15,2.34,1.56,1.16,1.34,0.48,0.7,2.35,0.39,1.47,0.69,1.49,1.07,2.01,2.47,1.34,1.47,1.26,0.72,1.27,0.34,1.58,1.49,1.42,1.18,1.15,0.8,1.11,1.01,2.3,1.85,1.07,2.32,0.87,0.69,0.94,1.15,1.31,2.2,1.01,1.55,1,1.58,0.75,0.8,1.87,0.8,1.76,0.8,0.61,1.05,2.66,1.52,1.14,1.63,1.47,1.09,2.18,1.5,0.94,0.71,0.47,1.36,1.52,1.82,2.07,1.15,0.52,1.91,0.64,2.22,0.67,1.66,1.94,2.23,1.13,1.31,2.09,1.11,1,0.77,2.12,2.48,1.37,0.4,0.72,1.59,0.94,1.13,2.23,1.78,0.98,0.51,0.98,1.59,1.68,2.54,1.35,0.42,2.07,1.86,1.23,0.77,0.36,1.98,0.78,1.38,0.94,1.99,1.85,1.21,1.93,0.86,1.22,1.49,1.78,0.69,1.02,1.51,0.84,1.44,1.66,0.82
Telangana,Rainfall,mm,1028,1091,621,1284,1466,837,680,695,993,1234,740,764,623,861,920,1121,1328,762,1139,950,1360,763,665,1250,802,1022,1295,741,878,701,1386,1244,989,730,1291,981,692,945,737,1359,1341,1333,1006,1134,800,970,636,1197,644,1206,764,763,976,1379,1341,1070,1476,1004,836,1161,786,859,1278,639,1185,1382,1157,1108,770,823,1081,772,1310,1013,1160,1174,1180,885,1111,1091,1044,994,1183,1487,1363,1312,779,770,1403,1241,658,1491,1035,820,968,1282,925,1218,1334,791,636,1358,1440,666,910,658,1179,847,1063,1225,1345,944,633,1359,1058,959,1265,1020,1127,639,855,915,860,1146,850
Telangana,Exploitation,%,37.34,70.09,51.01,51.66,37.81,66.96,69.57,37.22,58.53,49.52,75.89,66.16,51.65,39.45,77.72,50.76,46.06,59.28,46.13,73.63,40.81,38.79,29.71,32.32,75.22,71.69,53.85,58.05,32.41,29.29,46.23,42.44,35.51,65.24,21.45,29.39,63.26,22.23,43.33,62.82,28,44.31,52.62,66.06,45.14,52.36,39.4,35.77,33.65,51.17,60.4,42.27,56.46,34.23,73.41,48.39,78.02,29.4,22.91,69.74,75.86,59.88,59.61,65.56,29.2,51.82,43.01,23.9,31.73,35.31,72.62,37.41,34.09,25.8,34.28,25.45,47.35,37.84,36.9,70.21,60.53,79.62,53.95,26.96,44.03,34.5,34.52,77.72,32.27,65.51,28.04,65.46,62.05,82.01,29.17,65.26,52.65,80.31,68.36,55.65,38.79,76.73,39.24,78.82,78.49,73.29,62.71,38.08,68.84,37.85,62.05,44.87,72.62,46.73,47.9,77.44,32.76,56.13,48.43,46.15,43.88,32.86,30.04,53.84,39.52
Tripura,Groundwater,m (bgl),42.49,37.6,45.71,43.9,4.79,51.3,13.7,8.49,27.85,31.86,34.04,21.62,45.6,47.61,22.33,54.29,38.53,16.33,41.34,45.3,20.31,43.93,55.06,32.46,43.62,40.3,22.57,50.35,45.99,36.89,51.19,9.45,57.18,41.71,27.55,10.98,58.05,53.37,55.9,18.98,18.57,22.98,48.44,38.32,23.73,41.06,38.45,27.92,36.66,35.93,39.8,30.88,10.54,44.82,47.63,8.24,37.34,21.94,10.58,45.62,15.21,41.06,43.92,51.47,47.44,14.11,11.94,54.62,37.76,44.88,22.01,59.95,5.63,39.82,49.43,33.94,54.42,46.52,28.28,9.51,8.47,42.13,13.37,33.39,54.67,50.75,17.76,31.06,16.56,13.23,38.19,22.11,47.97,21.25,43.59,52.89,54.47,33.33,56.67,33.98,38.26,16.66,26.78,49.86,24.96,48.12,7.15,59.27,9.45,43.37,26.95,55.53,7.44,9.79,26.7,28.15,35.47,32.41,29.42,42.15,8.41,7.23,38.57,33.02,38.99
Tripura,Recharge,bcm,1.32,1.97,0.75,0.88,1.09,0.74,1.99,0.5,1.74,2.78,0.87,1.45,0.55,1.98,1.87,2.04,1.09,0.97,1.01,0.98,0.98,0.89,0.74,1.33,1.92,1.55,0.78,1.4,0.93,1.06,1.56,0.5,0.96,1.79,0.99,0.56,1.16,2.25,1.87,1.72,1.92,1.32,0.96,1.06,1.74,1.96,2.36,1.18,1.25,1.26,1.4,1.79,2.16,1.54,1.93,0.55,0.8,0.62,0.45,0.93,1.1,1.42,0.58,1.34,2.37,0.39,1.03,2.63,1.59,1.23,1.78,2.14,2.32,2.68,0.83,1.32,2.27,2.82,0.99,0.79,2.28,1.42,0.82,1.44,1.91,0.8,1.85,0.64,0.6,0.68,0.68,0.7,1.07,0.93,0.72,0.62,0.53,1.76,1.38,1.63,1.64,0.53,1.67,0.83,1.16,1.54,0.79,1.19,2.26,1.65,0.37,0.99,1.75,2.14,1.41,0.73,0.69,1.34,0.79,2.26,1.67,1.86,1.56,0.45,2.75
Tripura,Rainfall,mm,1025,1379,831,808,1286,675,1331,651,1153,1401,1142,1077,931,1009,1185,1443,614,722,876,1105,1037,626,950,769,1356,1395,1302,893,1027,953,902,652,969,1407,1465,734,1156,1263,1336,1104,1203,1048,625,617,1012,1387,1368,918,686,991,1298,950,1295,776,1075,607,1091,653,739,1139,658,1288,609,1476,1192,679,1421,1344,851,1356,1199,1441,1460,1442,665,1271,1406,1475,823,1292,1404,862,1096,1092,1067,627,974,1221,1111,1300,613,1285,1047,1382,659,727,1045,885,986,1478,908,714,1400,1352,1254,1206,1125,1124,1224,1123,703,728,1026,1472,1279,1358,976,999,793,1449,1319,1078,1086,622,1482
Tripura,Exploitation,%,55.72,22.35,41.11,32.12,60.85,67.24,61.13,75.34,39.83,51.72,69.86,28.05,20.93,57.83,64.2,20.54,72.02,23.63,61.73,43.51,47.53,43.37,75.82,77.4,66.06,53.02,27.48,37.42,31.57,57.26,70.08,36.49,58.04,24.78,78.88,42.78,55.3,42.14,23.24,29.21,20.07,72.8,69.9,73.89,53.28,76.89,48.42,54.77,72.94,54.25,20.8,37.3,71.21,75.47,43.43,41.83,66.18,31.92,28.22,31.91,69.49,37.05,64.38,41.59,29.26,40.45,33.04,36.09,28.22,63.63,58,77.33,41.69,24.71,44.39,57.12,59.57,29.14,38.47,49.95,60.35,75.32,68.14,47.27,76.34,79.09,66.1,33.95,42.91,43.62,43.92,38.42,81.99,65.44,34.97,80.72,67.32,28.78,53.7,71.07,57.38,25.12,33.07,76.73,65.58,74,61.67,63.97,76.14,25.6,25.28,29.31,68.69,33.56,32.55,58.27,51.19,35.84,60.02,27.36,76.37,44.68,39.54,58.1,59.13
Uttar Pradesh,Groundwater,m (bgl),18.06,24.58,46.5,22.38,47.6,55.25,37.46,24.2,46.02,22.85,53.07,9.01,5.24,53.29,5.54,52.43,22.94,49,47.2,22.22,58.52,4.81,28.63,23.49,53.92,22.07,55.4,23.54,41.13,44.65,57.35,22.61,14.38,5.54,51.98,30.16,21.27,58.46,11.92,39.31,5.44,30.53,52.31,9.35,29.07,47.77,49.47,56.8,44.4,38.43,52.95,49.32,40.65,42.55,48.14,50.36,54.66,15.09,40.15,23.31,23.92,46.21,58.44,48.35,48.61,58.27,6.35,32.7,35.69,25.6,17.62,37.87,32.76,41.8,12.38,29,11.6,15.9,19.1,34.76,39.51,47.17,24.89,7.08,57.45,23.44,25.77,7.01,30.01,21.47,7.83,12.08,29.14,8.19,56.23,47.63,47.02,54.14,51.39,9.11,18.63,20.97,56.52,41.52,43.3,28.41,55.66,52.55,60.37,38.91,51.09,31.7,27.85,48.31,17.61,19.31,60.67,42.45,30.45,27.98,33.01,52.74,14,59.97,14.08
Uttar Pradesh,Recharge,bcm,0.46,1.15,1.04,0.96,1.22,2.49,0.72,1.71,1.36,1.14,0.96,0.81,1.15,0.59,0.94,2.03,1.26,1,0.92,1.54,1.73,0.75,1.44,1.53,1.12,1.8,0.97,1.35,1.87,1.52,0.78,0.68,1.41,0.86,0.86,0.64,1.95,2.75,2.69,2.36,0.68,2.43,1.05,0.95,0.42,1.21,0.54,0.56,1.2,0.34,1.49,0.8,0.87,1.27,1.48,0.95,1.33,0.79,0.58,0.68,2.05,1.57,0.53,1.16,0.92,0.89,0.79,2.01,0.62,0.68,1.26,0.5,0.52,1.1,0.75,1.1,1.67,1.48,1.14,0.7,0.74,1.08,1.16,1.72,0.75,2.45,1.15,0.65,0.96,0.41,0.94,2.22,0.72,2.72,0.92,1.58,0.68,1.01,1.1,2.33,1.78,2.07,0.75,1.16,1.08,1.6,1.32,0.4,0.89,0.99,1.04,1.6,1.56,2.03,0.75,0.67,1.42,1.33,0.93,1.13,0.73,0.41,0.96,1.58,0.62
Uttar Pradesh,Rainfall,mm,629,1419,1287,1284,648,1350,1001,989,1402,1377,1056,1133,1031,723,1127,1262,1411,813,1407,986,885,1296,996,950,874,1062,781,977,1390,1068,1395,1152,758,1327,748,1116,1332,1415,1361,1327,928,1344,904,1273,661,765,710,726,1183,676,1089,1124,650,1154,1332,658,772,802,1128,1079,1093,1216,1008,754,662,720,740,1285,805,1000,1217,948,730,1309,1143,1413,842,1027,784,754,768,1408,1335,917,712,1235,682,606,907,699,1219,1262,1272,1370,1251,826,967,1120,1095,1421,996,1232,1076,1104,902,1038,1475,638,800,815,767,921,1310,1305,922,613,1433,1097,1010,1431,1304,748,978,1197,745
Uttar Pradesh,Exploitation,%,75.25,42.6,36.02,20.77,51.4,23.36,18.78,63.34,70.37,35.31,38.49,33.41,50.37,50.7,40.18,45.2,54.03,57.27,49.53,27.18,74.27,42.93,59.32,43.77,69.42,21.45,67.26,72.36,47.46,36.69,40.36,20.09,39.63,22.08,47.7,44.54,30.42,22.26,78.46,25.09,24.11,76.8,28.47,28.36,72.85,37.81,46.36,25.13,64.84,62.96,37.38,65.09,77.09,54.46,76.53,71.27,25.82,63.71,72.91,38.72,48.04,41.16,49.44,56.26,51.69,66.23,34.02,46.92,70.21,45.89,26.95,65.28,68.42,34.3,55.09,44.75,25.42,23.73,67.06,28.26,80.99,21.69,66.57,55.04,28.11,26.32,72.58,26.62,60.24,57.41,51.55,74.41,79.61,30.35,26.39,56.37,46.54,39.32,36.37,38.67,78.65,76.13,36.94,45.89,47.73,40.36,44.16,25.88,43.25,51.27,60.64,28.19,58.19,23.45,52.18,54.15,75.19,45.11,50.53,82.91,62.48,72.81,31.49,38.69,81.53
Uttarakhand,Groundwater,m (bgl),19.88,19.11,10.43,42.68,55.68,43.04,41.96,45.75,53.02,33.39,21.25,17.46,14.39,53.42,58.41,8.4,58.89,30.89,15.01,8.67,54.24,30.52,24.92,40.13,58.44,46.91,38.94,18.02,46.32,19.24,48.58,11.44,34.58,33.62,50.85,27.73,21.36,44.12,9.4,46.57,40.67,45.96,22.25,55.04,13.7,5.57,43.1,32.82,10.53,30.99,18.8,25.2,7.97,8.21,29.37,36.25,25.42,46.5,17.65,5.99,33.98,5.87,5.33,52.72,55.32,54.7,37.46,5.81,46.07,7.31,47.81,51.45,35.42,57.72,54.01,34.28,25.8,42.19,43.6,23.22,46.44,8.66,38.64,10.49,60.01,44.12,53.99,16.27,17.05,40.61,15.32,17.9,20.19,38.25,56.27,35.57,44.99,34.7,41.97,45.63,9.06,52.6,52.57,16.23,39.41,9.88,10.54,38.51,25.13,34.12,56.54,42.54,21.39,48.77,60.66,12.64,54.3,24.89,21.15,33.79,22.27,53.69,11.69,42.46,35.1
Uttarakhand,Recharge,bcm,1.22,0.4,0.63,0.74,0.59,0.34,0.69,1.63,2.11,1.47,1.62,1.4,1.55,0.92,1.68,0.32,0.71,1.36,1.41,1.33,1.84,0.9,1.68,0.7,2.4,1.87,2.76,2.39,1.53,1.33,1.62,1.76,1.12,1.5,1.39,0.53,1.07,1.47,0.7,0.73,2.82,1.31,1.3,0.85,1.09,0.66,0.61,1.75,1.52,1.76,0.62,1.94,1,2.28,2.63,0.76,1.41,1.17,1.51,1.69,1.37,2.45,1.08,2.45,2.11,1.5,1.73,1.95,0.57,2.61,0.4,1.08,1.32,1.66,0.98,0.77,2.55,1.26,2.42,1.67,0.68,1.06,2.94,1.63,2.83,2.1,0.95,0.7,2.08,2.5,1.66,1.85,1.14,1.14,1.2,1.56,0.71,1.61,1.36,2.26,0.48,1,1.34,0.78,1.71,1.33,1.78,1.35,1.41,2.06,1.08,0.93,2.71,1.55,1.07,0.93,0.69,1.11,1.88,1.78,1.36,2.09,1.55,1.09,0.64
Uttarakhand,Rainfall,mm,1188,768,917,1046,651,676,754,1065,1484,772,1308,883,1212,1145,1201,627,1252,1069,1455,993,955,989,1251,1200,1301,1130,1396,1441,1018,760,1148,1321,723,1474,718,868,1282,904,793,1446,1470,1338,658,1034,1451,865,1139,1428,1061,1079,1189,1168,896,1299,1423,731,1028,1052,1205,1357,1125,1478,702,1482,1450,1011,876,1072,600,1340,667,1009,1188,918,865,731,1468,1322,1430,1031,1358,769,1498,1465,1499,1086,666,1327,1112,1438,958,1343,1090,965,675,1221,1343,1306,806,1271,805,897,1323,1012,1004,716,1138,700,1324,1051,1329,999,1435,1016,873,1328,617,800,1006,921,1043,1201,1242,1338,862
Uttarakhand,Exploitation,%,63.57,32.54,73.93,56.28,22.3,61.14,68.47,64.45,39.96,44.15,69.47,29.31,55.73,26.08,25.73,61.64,48.49,19.67,63.15,33.03,42.15,38.15,73.43,55.24,66.27,39.21,56.75,53.11,23.54,22.51,30.5,56.33,33.33,64.68,50.63,27.91,72.84,23.29,36.43,21.74,73.63,77.15,37.73,66.25,74.51,65.57,22.23,40.33,74.15,25.75,70.59,37.6,48.47,35.33,52.24,62.94,45.3,73.58,67.42,62.55,36.22,22.52,52.5,67.23,40.38,70.82,57.38,26.48,64.68,44.16,35.83,49.59,64.99,32.79,64.74,29.91,34.66,45.04,40.48,39.31,68.1,73.41,22.54,80.01,80.85,48.81,72.96,24.02,26.63,22.57,45.5,62.63,47.93,61.83,45.9,78.6,49.56,52.04,49.27,50.04,81.62,24.37,42.07,37.27,57.11,61.89,36.65,39.39,57.52,27.01,59.99,70.08,66.5,38.12,36.68,43.74,43.83,26.6,51.41,42.49,33.23,57.28,51.15,62.42,35.68
West Bengal,Groundwater,m (bgl),54.97,51.69,58.3,53.22,58.94,22.26,54.36,8.8,42.36,15.44,22.77,18.76,10.93,13.38,15.59,6.46,23.1,15.3,39.85,33.31,51.93,24.17,25.9,37.48,9.59,40.93,31.38,7.05,7.14,53.59,6.61,15.34,52.4,28.82,40.81,19.15,19.66,24.62,44.55,42.87,36.77,18.25,35.33,51.3,45.47,37.76,27.72,36.14,49.04,51.85,42.9,40.47,47.16,8.4,58.81,46.81,15.7,41.32,28.44,7.57,28.44,57.57,45.98,17.82,55,14.92,16.91,38.02,33.35,13.33,7.91,15.87,10.8,52.27,40.45,47.44,57.99,52.03,24.56,34.25,13.65,35.8,18.54,29.88,42.7,27.31,27.14,58.89,11.36,53.58,20.82,30.27,24.86,41.97,32.28,46.92,44.03,25.34,16.56,10.78,26.45,57.81,33.31,40.66,46.05,52.42,13.96,59.62,24.07,33.84,25.61,38.6,34.19,55.01,34.04,14.2,46.09,15.48,45.79,29.34,53.78,50.83,49.15,50.41,53.48
West Bengal,Recharge,bcm,0.99,0.6,1.28,1.62,1.86,1.23,0.53,1.84,1.77,1.5,0.8,0.66,1.15,0.56,1.77,0.81,1.01,2.12,0.97,1.54,1.39,1,1,1.08,1.42,1,1.98,0.6,0.65,0.99,2.65,0.48,1.09,0.41,2.07,0.79,0.45,1.37,1.77,1.3,1.76,0.77,1.08,1.9,1.11,2.23,0.37,1.57,0.74,1.27,0.83,2.07,1.07,0.89,2.43,0.95,0.8,1.75,1.09,1.05,0.76,0.95,0.83,2.12,1.31,2.07,0.87,2.24,1.52,1.84,0.83,1.51,0.9,0.79,1.68,2.21,1,1.5,0.79,1.21,1.02,1.65,0.93,2.06,1.06,0.79,0.46,0.85,0.68,1,1.08,2.01,2.03,0.5,1.83,0.77,1.56,1.07,1.94,1.14,2.42,1.42,1.59,0.6,0.42,1.52,2.62,2.13,1.33,1.2,0.65,1.63,2.03,2.1,1.31,0.94,1.18,0.63,1.66,2.01,1.39,0.97,1.57,0.98,0.62
West Bengal,Rainfall,mm,1302,692,933,832,940,1137,942,1202,1359,836,761,1048,753,789,1126,686,1209,1332,1215,984,772,756,1335,1033,987,1249,1395,699,775,1373,1420,792,610,697,1482,1129,858,886,1431,1380,955,755,970,1464,1476,1325,657,1358,604,1381,890,1159,1144,1272,1234,1172,1132,1234,997,1070,796,748,735,1422,745,1339,752,1308,1357,1067,1251,870,832,890,1378,1215,1048,1305,949,959,1006,1229,1048,1387,975,634,664,767,777,1320,869,1015,1500,727,1165,1420,1081,1095,1420,1123,1315,1052,1404,627,694,842,1386,1482,1132,645,898,1336,1336,1278,698,676,794,805,971,1154,715,894,1315,948,1127
West Bengal,Exploitation,%,32.68,63.14,19.27,27.15,44.91,30.26,25.33,28.43,58.04,23.33,71.89,44.1,35.27,42.53,22.99,41.83,43.33,20.93,51.16,59.98,58.18,26.88,75.71,61.17,75.98,58.5,35.33,70.76,35.27,53.67,38.83,67.65,66.29,29.81,42.42,69.45,32.76,39.28,68.65,19.46,20.09,47.34,23.76,35.08,52.42,69.64,73.08,45.27,60.37,29.87,71.46,63.12,40.57,70.56,32.1,42.06,46.55,67.94,57.45,76.5,34.88,75.28,52.26,35.09,26.57,31.03,66.51,37.75,29.85,48.35,57.24,42.59,75.51,37.59,69.44,67.21,51.23,62.98,75.54,69.35,71.64,80.39,70.6,33.49,53.39,70.96,51.45,62.11,31.04,24.56,22.18,74.61,48.9,51.28,65.43,80.44,73.16,24.45,80.44,61.86,41.61,47.66,68.08,66.02,75.84,47.94,78.37,55.65,57.02,69.78,63.47,24.79,54.54,36.3,54.36,51,43.35,26.05,49.34,34.14,54.38,34.36,63.83,66.03,67.34
